battery_id,uid,discharge_cycle,observed_eol_cycle,rul_cycles,median_dummy,ridge,random_forest,interval_lower_90,interval_upper_90
B0005,5122,1,125.0,124.0,28.5,101.99836920832468,75.59181354756356,57.04038009906762,94.1432469960595
B0005,5124,2,125.0,123.0,28.5,101.10384968488734,75.82650462037961,57.27507117188367,94.37793806887555
B0005,5126,3,125.0,122.0,28.5,100.74550787216819,75.22456291625039,56.67312946775445,93.77599636474633
B0005,5128,4,125.0,121.0,28.5,99.50284181957983,79.02945433039181,60.47802088189587,97.58088777888776
B0005,5130,5,125.0,120.0,28.5,99.30614223356426,79.08177942196691,60.53034597347097,97.63321287046286
B0005,5132,6,125.0,119.0,28.5,100.26505443635864,75.2142997141747,56.66286626567876,93.76573316267064
B0005,5134,7,125.0,118.0,28.5,100.39284297609012,74.05256718975464,55.5011337412587,92.60400063825058
B0005,5136,8,125.0,117.0,28.5,97.43243051996049,79.59430361999111,61.04287017149517,98.14573706848705
B0005,5138,9,125.0,116.0,28.5,95.40530274548304,79.731550498113,61.18011704961705,98.28298394660894
B0005,5140,10,125.0,115.0,28.5,94.74327280626932,79.79231736319238,61.24088391469644,98.34375081168832
B0005,5142,11,125.0,114.0,28.5,92.92703168383323,78.73303083721835,60.18159738872241,97.2844642857143
B0005,5145,12,125.0,113.0,28.5,91.39642610322073,80.287137987013,61.735704538517055,98.83857143550894
B0005,5147,13,125.0,112.0,28.5,88.98558206077385,80.52778282828287,61.976349379786924,99.07921627677881
B0005,5149,14,125.0,111.0,28.5,88.51438452573137,80.64975838744593,62.098324938949986,99.20119183594187
B0005,5151,15,125.0,110.0,28.5,88.37309161864673,80.23236354617606,61.68093009768012,98.783796994672
B0005,5153,16,125.0,109.0,28.5,86.24466604667185,80.21395409451662,61.66252064602068,98.76538754301257
B0005,5155,17,125.0,108.0,28.5,84.18987331925425,81.3634531926407,62.81201974414476,99.91488664113665
B0005,5157,18,125.0,107.0,28.5,81.49875412700338,81.67606033549782,63.12462688700188,100.22749378399376
B0005,5159,19,125.0,106.0,28.5,80.47839921962672,81.22670220057718,62.67526875208124,99.77813564907312
B0005,5162,20,125.0,105.0,28.5,101.46795251268296,79.71382106088359,61.16238761238765,98.26525450937953
B0005,5166,21,125.0,104.0,28.5,97.39411299807946,80.0573145743146,61.50588112581866,98.60874802281054
B0005,5170,22,125.0,103.0,28.5,96.16041253246314,80.06270048701303,61.51126703851709,98.61413393550897
B0005,5174,23,125.0,102.0,28.5,93.55195606414213,79.2733717740593,60.72193832556336,97.82480522255524
B0005,5178,24,125.0,101.0,28.5,93.76919804910375,78.17577697996452,59.62434353146858,96.72721042846047
B0005,5182,25,125.0,100.0,28.5,86.25501619984033,81.44856655150406,62.897133103008116,100.0
B0005,5186,26,125.0,99.0,28.5,87.52992724437868,79.26715946553446,60.71572601703852,97.8185929140304
B0005,5190,27,125.0,98.0,28.5,84.61280663831815,79.5920762223887,61.040642773892756,98.14350967088464
B0005,5194,28,125.0,97.0,28.5,83.20470139316478,78.66667504717503,60.11524159867909,97.21810849567098
B0005,5198,29,125.0,96.0,28.5,84.80232457562656,77.52224180680432,58.970808358308375,96.07367525530026
B0005,5202,30,125.0,95.0,28.5,82.09288187942114,78.02021274558773,59.468779297091785,96.57164619408367
B0005,5206,31,125.0,94.0,28.5,83.91006108087439,82.19139294733044,63.6399594988345,100.74282639582638
B0005,5210,32,125.0,93.0,28.5,78.9563921933912,81.88871933621932,63.33728588772338,100.44015278471527
B0005,5214,33,125.0,92.0,28.5,77.16272384966892,80.60565782828283,62.05422437978689,99.15709127677877
B0005,5218,34,125.0,91.0,28.5,76.65291190304882,79.00426758658008,60.45283413808414,97.55570103507603
B0005,5222,35,125.0,90.0,28.5,73.74366442691556,77.76809929653682,59.216665848040876,96.31953274503276
B0005,5226,36,125.0,89.0,28.5,74.03845353352531,77.67385786435788,59.12242441586194,96.22529131285383
B0005,5230,37,125.0,88.0,28.5,73.38073692030417,76.76448692279943,58.21305347430349,95.31592037129538
B0005,5234,38,125.0,87.0,28.5,70.61510019990922,75.24722420634922,56.695790757853274,93.79865765484516
B0005,5238,39,125.0,86.0,28.5,70.369956876392,73.12614452908201,54.57471108058607,91.67757797757795
B0005,5242,40,125.0,85.0,28.5,68.09836781547187,72.0498176892552,53.498384240759265,90.60125113775115
B0005,5246,41,125.0,84.0,28.5,67.96128003172711,71.9699280788656,53.418494630369665,90.52136152736155
B0005,5250,42,125.0,83.0,28.5,66.73669615335422,71.77497750166502,53.22354405316908,90.32641095016096
B0005,5254,43,125.0,82.0,28.5,71.84919776812782,71.59370011238762,53.04226666389168,90.14513356088356
B0005,5256,44,125.0,81.0,28.5,65.77452066589547,71.68659555722058,53.13516210872464,90.23802900571653
B0005,5260,45,125.0,80.0,28.5,64.83848957024367,70.26505488261739,51.71362143412145,88.81648833111333
B0005,5264,46,125.0,79.0,28.5,63.34640974079122,69.02688614163615,50.47545269314021,87.5783195901321
B0005,5268,47,125.0,78.0,28.5,62.082050699683165,67.76250862332112,49.21107517482518,86.31394207181707
B0005,5270,48,125.0,77.0,28.5,70.86932155155652,73.19258216089467,54.64114871239873,91.74401560939062
B0005,5274,49,125.0,76.0,28.5,68.21488283455503,71.60604888167389,53.05461543317794,90.15748233016983
B0005,5278,50,125.0,75.0,28.5,65.54318659175229,69.89608748196251,51.34465403346657,88.44752093045845
B0005,5282,51,125.0,74.0,28.5,63.399229890679166,68.32079911754913,49.76936566905319,86.87223256604507
B0005,5286,52,125.0,73.0,28.5,62.5774810576052,68.30279911754911,49.75136566905317,86.85423256604506
B0005,5290,53,125.0,72.0,28.5,61.015470693178585,67.69770288739039,49.14626943889445,86.24913633588633
B0005,5294,54,125.0,71.0,28.5,60.548942101269944,67.24781499056498,48.696381542069034,85.79924843906092
B0005,5298,55,125.0,70.0,28.5,59.69736529186238,65.5673983238983,47.01596487540236,84.11883177239424
B0005,5302,56,125.0,69.0,28.5,59.31532087046698,64.48972083472084,45.9382873862249,83.04115428321678
B0005,5306,57,125.0,68.0,28.5,57.78104029209254,61.41366131091132,42.86222786241538,79.96509475940726
B0005,5310,58,125.0,67.0,28.5,57.14444160658933,59.78927242202242,41.23783897352648,78.34070587051836
B0005,5314,59,125.0,66.0,28.5,55.97266716870732,58.473883838383834,39.92245038988789,77.02531728687978
B0005,5318,60,125.0,65.0,28.5,55.14829288832384,57.14594038600287,38.59450693750693,75.69737383449882
B0005,5322,61,125.0,64.0,28.5,53.66043517571522,54.26351578282828,35.71208233433234,72.81494923132422
B0005,5326,62,125.0,63.0,28.5,53.75196262703305,52.27628692141192,33.72485347291598,70.82772036990787
B0005,5330,63,125.0,62.0,28.5,52.215730160240284,51.283782231657234,32.73234878316129,69.83521568015317
B0005,5334,64,125.0,61.0,28.5,52.35540156084003,50.34173073454322,31.790297286047277,68.89316418303916
B0005,5336,65,125.0,60.0,28.5,49.807715677139115,49.3509350996226,30.79950165112666,67.90236854811855
B0005,5340,66,125.0,59.0,28.5,49.4482638098216,48.65884067321567,30.10740722471973,67.21027412171162
B0005,5344,67,125.0,58.0,28.5,48.86019051952641,45.88979846542345,27.33836501692751,64.4412319139194
B0005,5348,68,125.0,57.0,28.5,47.710106662531516,45.2020912143412,26.65065776584526,63.753524662837144
B0005,5352,69,125.0,56.0,28.5,47.1263752185145,44.1754553016428,25.624021853146857,62.72688875013874
B0005,5356,70,125.0,55.0,28.5,45.587127503229304,43.480330572205574,24.928897123709632,62.031764020701516
B0005,5360,71,125.0,54.0,28.5,44.66206842151629,41.678051268176276,23.126617819680334,60.22948471667222
B0005,5364,72,125.0,53.0,28.5,44.45975839418907,42.50935708735708,23.95792363886114,61.06079053585302
B0005,5368,73,125.0,52.0,28.5,43.382447632227766,39.82802060439561,21.27658715589967,58.37945405289155
B0005,5372,74,125.0,51.0,28.5,41.76710474018057,38.2716829004329,19.720249451936958,56.82311634892884
B0005,5376,75,125.0,50.0,28.5,40.98101097170421,37.52347889610389,18.972045447607947,56.07491234459983
B0005,5380,76,125.0,49.0,28.5,40.25920424939093,36.433718136030635,17.882284687534693,54.98515158452658
B0005,5384,77,125.0,48.0,28.5,38.67660057755951,36.068542811355314,17.517109362859372,54.619976259851256
B0005,5386,78,125.0,47.0,28.5,39.076998720606,36.19830952380953,17.646876075313585,54.74974297230547
B0005,5390,79,125.0,46.0,28.5,38.540467881765196,34.92056671106672,16.369133262570777,53.47200015956266
B0005,5394,80,125.0,45.0,28.5,37.3089476645878,33.01611938061939,14.464685932123444,51.56755282911533
B0005,5398,81,125.0,44.0,28.5,36.18503209108199,32.62986770868021,14.078434260184267,51.18130115717615
B0005,5402,82,125.0,43.0,28.5,35.48037722183696,32.314709061771566,13.763275613275624,50.86614251026751
B0005,5406,83,125.0,42.0,28.5,34.44669257771414,30.372236929736918,11.820803481240976,48.923670378232856
B0005,5410,84,125.0,41.0,28.5,33.53005818303272,27.985098852536343,9.4336654040404,46.53653230103228
B0005,5414,85,125.0,40.0,28.5,31.591452020289303,26.571270479520482,8.01983703102454,45.12270392801642
B0005,5418,86,125.0,39.0,28.5,31.269907131369568,25.066834332334317,6.515400883838375,43.61826778083026
B0005,5422,87,125.0,38.0,28.5,30.291775149936775,23.140494234931722,4.58906078643578,41.691927683427664
B0005,5426,88,125.0,37.0,28.5,30.02851086180919,24.042027063214547,5.490593614718605,42.59346051171049
B0005,5430,89,125.0,36.0,28.5,28.885177897301034,23.520812957875442,4.9693795093795,42.072246406371384
B0005,5433,90,125.0,35.0,28.5,33.701429352459215,37.01518949800201,18.463756049506067,55.56662294649795
B0005,5436,91,125.0,34.0,28.5,32.86680009487614,30.75986107642357,12.208427627927627,49.31129452491951
B0005,5440,92,125.0,33.0,28.5,31.969047859498573,28.014689768564764,9.463256320068822,46.56612321706071
B0005,5444,93,125.0,32.0,28.5,31.027859947788635,27.444944999444985,8.893511550949043,45.99637844794093
B0005,5448,94,125.0,31.0,28.5,29.402343751438444,22.765359404484403,4.213925955988461,41.31679285298034
B0005,5452,95,125.0,30.0,28.5,28.512346744174618,22.903967990342984,4.352534541847042,41.455401438838926
B0005,5456,96,125.0,29.0,28.5,26.91995406898456,20.005284458596954,1.4538510101010118,38.556717907092896
B0005,5460,97,125.0,28.0,28.5,26.469405547190135,18.942080183705187,0.39064673520924487,37.49351363220113
B0005,5464,98,125.0,27.0,28.5,24.833685416342952,16.49583342352092,0.0,35.04726687201686
B0005,5468,99,125.0,26.0,28.5,24.499945555819853,15.899775613275608,0.0,34.45120906177155
B0005,5472,100,125.0,25.0,28.5,23.82052462521598,14.88235696248196,0.0,33.433790410977906
B0005,5476,101,125.0,24.0,28.5,22.609635586177728,13.008220113220114,0.0,31.559653561716054
B0005,5480,102,125.0,23.0,28.5,21.478589804262363,12.085955232267729,0.0,30.63738868076367
B0005,5484,103,125.0,22.0,28.5,23.939411477685745,13.42444549200799,0.0,31.975878940503932
B0005,5487,104,125.0,21.0,28.5,20.29517285428041,16.101559884559894,0.0,34.65299333305583
B0005,5491,105,125.0,20.0,28.5,20.30395709322407,12.197701264013766,0.0,30.749134712509708
B0005,5495,106,125.0,19.0,28.5,19.255875539822913,11.414655629093126,0.0,29.966089077589068
B0005,5499,107,125.0,18.0,28.5,18.767753087314027,10.430567786380289,0.0,28.98200123487623
B0005,5503,108,125.0,17.0,28.5,18.059449713127094,10.2099279956155,0.0,28.761361444111444
B0005,5507,109,125.0,16.0,28.5,16.051907490452184,10.229961815961817,0.0,28.781395264457757
B0005,5511,110,125.0,15.0,28.5,15.9618607389847,9.378649766899768,0.0,27.93008321539571
B0005,5515,111,125.0,14.0,28.5,15.29779880915546,8.570250957375956,0.0,27.121684405871896
B0005,5519,112,125.0,13.0,28.5,14.34346261120593,7.8861790778665775,0.0,26.43761252636252
B0005,5523,113,125.0,12.0,28.5,12.955394077952718,7.2828617077367115,0.0,25.834295156232653
B0005,5527,114,125.0,11.0,28.5,13.06205667635933,6.95409673659674,0.0,25.50553018509268
B0005,5531,115,125.0,10.0,28.5,11.960984518227068,6.621006458818963,0.0,25.172439907314903
B0005,5535,116,125.0,9.0,28.5,11.202747501595198,6.100440982628486,0.0,24.651874431124426
B0005,5539,117,125.0,8.0,28.5,10.002614482363562,6.037150308025309,0.0,24.588583756521253
B0005,5543,118,125.0,7.0,28.5,9.117652687557882,5.3931801601176605,0.0,23.9446136086136
B0005,5547,119,125.0,6.0,28.5,8.794379866151438,5.112579059829059,0.0,23.664012508325
B0005,5551,120,125.0,5.0,28.5,14.610747853399008,7.936280448717951,0.0,26.487713897213894
B0005,5553,121,125.0,4.0,28.5,10.027556227163473,9.275528915528916,0.0,27.82696236402486
B0005,5557,122,125.0,3.0,28.5,10.020762124515162,6.4500224220224265,0.0,25.00145587051837
B0005,5561,123,125.0,2.0,28.5,9.046951772153637,5.84852152014652,0.0,24.39995496864246
B0005,5565,124,125.0,1.0,28.5,7.698420194758157,5.623509795759796,0.0,24.174943244255736
B0005,5569,125,125.0,0.0,28.5,7.198438645886654,5.489566343378845,0.0,24.04099979187479
B0006,4506,1,109.0,108.0,30.0,123.92203088449156,97.06599355158733,78.51456010309138,115.61742700008327
B0006,4508,2,109.0,107.0,30.0,117.83314332470368,96.94380307539686,78.39236962690092,115.4952365238928
B0006,4510,3,109.0,106.0,30.0,118.61931762276589,97.46126736111115,78.90983391261521,116.0127008096071
B0006,4512,4,109.0,105.0,30.0,118.22907062281752,97.67160267857145,79.1201692300755,116.22303612706739
B0006,4514,5,109.0,104.0,30.0,110.42423622925395,95.96062919372298,77.40919574522704,114.51206264221892
B0006,4516,6,109.0,103.0,30.0,115.00710329324207,98.36634361471866,79.81491016622272,116.9177770632146
B0006,4518,7,109.0,102.0,30.0,108.22311582977932,97.19675360750367,78.64532015900772,115.74818705599961
B0006,4520,8,109.0,101.0,30.0,107.64603911381886,96.55591039862918,78.00447695013324,115.10734384712512
B0006,4522,9,109.0,100.0,30.0,108.62170714303008,96.70373777958159,78.15230433108565,115.25517122807753
B0006,4524,10,109.0,99.0,30.0,98.8251071225999,95.24272659632037,76.69129314782442,113.79416004481631
B0006,4526,11,109.0,98.0,30.0,102.09641503122465,94.85103963744592,76.29960618894998,113.40247308594186
B0006,4529,12,109.0,97.0,30.0,101.47858725353571,96.83136277958155,78.27992933108561,115.3827962280775
B0006,4531,13,109.0,96.0,30.0,101.83814990340225,96.59866436688311,78.04723091838717,115.15009781537906
B0006,4533,14,109.0,95.0,30.0,95.57283679141209,95.09123958333332,76.53980613483738,113.64267303182926
B0006,4535,15,109.0,94.0,30.0,87.68459425383429,94.20590543831169,75.65447198981575,112.75733888680763
B0006,4537,16,109.0,93.0,30.0,83.14519797526387,92.37841833513708,73.82698488664114,110.92985178363303
B0006,4539,17,109.0,92.0,30.0,90.48957149038506,94.51627773268399,75.96484428418805,113.06771118117993
B0006,4541,18,109.0,91.0,30.0,83.23605434906982,92.761990755772,74.21055730727606,111.31342420426795
B0006,4543,19,109.0,90.0,30.0,91.04429492623079,94.1451565205628,75.59372307206685,112.69658996905873
B0006,4546,20,109.0,89.0,30.0,103.75967867861323,92.17459726731605,73.6231638188201,110.72603071581199
B0006,4550,21,109.0,88.0,30.0,104.67687061406605,93.64291932720063,75.09148587870469,112.19435277569657
B0006,4554,22,109.0,87.0,30.0,96.03875611828835,91.98924012445892,73.43780667596297,110.54067357295486
B0006,4558,23,109.0,86.0,30.0,97.83987559839973,91.13474039502167,72.58330694652572,109.68617384351761
B0006,4562,24,109.0,85.0,30.0,99.07983514309251,93.22671639471642,74.67528294622048,111.77814984321236
B0006,4566,25,109.0,84.0,30.0,98.56090335410167,91.87635659132535,73.3249231428294,110.42779003982129
B0006,4570,26,109.0,83.0,30.0,84.71685633943048,89.05285830488954,70.5014248563936,107.60429175338548
B0006,4574,27,109.0,82.0,30.0,91.08676131239973,90.23355572552445,71.68212227702851,108.7849891740204
B0006,4578,28,109.0,81.0,30.0,90.95173803749589,89.8861000631313,71.33466661463535,108.43753351162724
B0006,4582,29,109.0,80.0,30.0,99.7311698069181,91.82553314393942,73.27409969544348,110.37696659243537
B0006,4586,30,109.0,79.0,30.0,83.05047937304796,90.75363409854035,72.2022006500444,109.30506754703629
B0006,4590,31,109.0,78.0,30.0,81.95702722340562,90.28368329587082,71.73224984737487,108.83511674436676
B0006,4594,32,109.0,77.0,30.0,80.45124110641882,90.34611096542349,71.79467751692755,108.89754441391943
B0006,4598,33,109.0,76.0,30.0,76.89832695519132,89.24414718614719,70.69271373765125,107.79558063464313
B0006,4602,34,109.0,75.0,30.0,76.61611544167602,89.28639754689755,70.7349640984016,107.83783099539349
B0006,4606,35,109.0,74.0,30.0,72.2626583112609,84.19710119047618,65.64566774198023,102.74853463897212
B0006,4610,36,109.0,73.0,30.0,71.69985295828508,87.23472492784995,68.68329147935401,105.7861583763459
B0006,4614,37,109.0,72.0,30.0,72.31796058232126,76.95990647546897,58.40847302697303,95.51133992396491
B0006,4618,38,109.0,71.0,30.0,69.00704954353954,68.9787523795649,50.42731893106895,87.53018582806084
B0006,4622,39,109.0,70.0,30.0,67.32395563931482,65.92191319097572,47.37047974247977,84.47334663947166
B0006,4626,40,109.0,69.0,30.0,67.53051562701964,66.51684122127877,47.965407772782825,85.06827466977471
B0006,4630,41,109.0,68.0,30.0,67.89651031290119,65.96898799117547,47.417554542679525,84.52042143967141
B0006,4634,42,109.0,67.0,30.0,63.74214115211382,62.496530254467764,43.94509680597182,81.0479637029637
B0006,4638,43,109.0,66.0,30.0,75.66661111478354,66.42657029775779,47.87513684926185,84.97800374625373
B0006,4640,44,109.0,65.0,30.0,64.598725550866,67.88348755411258,49.332054105616635,86.43492100260852
B0006,4644,45,109.0,64.0,30.0,64.60753401000346,54.63003945360196,36.07860600510602,73.18147290209791
B0006,4648,46,109.0,63.0,30.0,62.65371049324152,51.1618886183261,32.61045516983016,69.71332206682204
B0006,4652,47,109.0,62.0,30.0,60.05492766550567,50.13202453102453,31.580591082528585,68.68345797952047
B0006,4654,48,109.0,61.0,30.0,68.21265795754094,84.09752519702516,65.54609174852922,102.6489586455211
B0006,4658,49,109.0,60.0,30.0,63.189939116511056,84.26892499861248,65.71749155011653,102.82035844710842
B0006,4662,50,109.0,59.0,30.0,61.468382113047575,68.7709956779332,50.21956222943726,87.32242912642914
B0006,4666,51,109.0,58.0,30.0,59.122325701814276,60.635778416028394,42.08434496753245,79.18721186452433
B0006,4670,52,109.0,57.0,30.0,61.62146523083812,54.563146325896305,36.01171287740036,73.11457977439224
B0006,4674,53,109.0,56.0,30.0,58.99281636471848,51.7036054292929,33.15217198079696,70.25503887778885
B0006,4678,54,109.0,55.0,30.0,55.95342106968677,48.83753633866131,30.286102890165367,67.38896978715725
B0006,4682,55,109.0,54.0,30.0,54.28884251891381,47.61892694111443,29.06749349261849,66.17036038961038
B0006,4686,56,109.0,53.0,30.0,51.456513631942315,47.14588256882009,28.59444912032415,65.69731601731604
B0006,4690,57,109.0,52.0,30.0,47.01562719776136,45.18392667055169,26.63249322205575,63.735360119047634
B0006,4694,58,109.0,51.0,30.0,43.321755728013684,44.41261625180377,25.861182803307827,62.96404970029971
B0006,4698,59,109.0,50.0,30.0,43.690711780644335,44.25144143356641,25.70000798507047,62.802874882062355
B0006,4702,60,109.0,49.0,30.0,40.88098749681106,43.66009574453326,25.108662296037316,62.2115291930292
B0006,4706,61,109.0,48.0,30.0,40.7770382074627,41.22692447829949,22.675491029803545,59.77835792679543
B0006,4710,62,109.0,47.0,30.0,33.57864913013838,38.192763784826305,19.641330336330363,56.74419723332225
B0006,4714,63,109.0,46.0,30.0,32.636374638378086,37.95625801282052,19.404824564324578,56.50769146131646
B0006,4718,64,109.0,45.0,30.0,31.372214677134465,36.30744119075369,17.75600774225775,54.858874639249635
B0006,4720,65,109.0,44.0,30.0,28.602215861293168,34.8946468184593,16.343213369963358,53.44608026695524
B0006,4724,66,109.0,43.0,30.0,25.31211617173716,32.85981983988234,14.3083863913864,51.41125328837828
B0006,4728,67,109.0,42.0,30.0,23.40693863167472,32.31397360972362,13.762540161227676,50.86540705821956
B0006,4732,68,109.0,41.0,30.0,23.27196736311025,31.42276302170053,12.871329573204587,49.974196470196475
B0006,4736,69,109.0,40.0,30.0,18.264144762349773,31.342700674325684,12.791267225829742,49.894134122821626
B0006,4740,70,109.0,39.0,30.0,15.475950310703546,29.43456571900323,10.88313227050729,47.98599916749917
B0006,4744,71,109.0,38.0,30.0,17.558202803829445,29.06287325868577,10.511439810189827,47.61430670718171
B0006,4748,72,109.0,37.0,30.0,13.552702918914441,28.547336552336564,9.995903103840622,47.0987700008325
B0006,4752,73,109.0,36.0,30.0,16.374739836800703,27.013185488122975,8.461752039627033,45.56461893661891
B0006,4756,74,109.0,35.0,30.0,12.721610347342875,26.19172465728714,7.640291208791197,44.74315810578308
B0006,4760,75,109.0,34.0,30.0,9.272244151908396,25.215921446608935,6.6644879981129925,43.76735489510487
B0006,4764,76,109.0,33.0,30.0,10.090287402873308,22.032916770729262,3.48148332223332,40.5843502192252
B0006,4768,77,109.0,32.0,30.0,4.852613485502253,21.504292762792765,2.9528593142968234,40.05572621128871
B0006,4770,78,109.0,31.0,30.0,10.209271268525402,30.767298347485845,12.215864898989903,49.31873179598179
B0006,4774,79,109.0,30.0,30.0,10.658029173705533,25.636587121212102,7.08515367271616,44.188020569708044
B0006,4778,80,109.0,29.0,30.0,3.5393962878220506,21.63199702380952,3.0805635753135796,40.18343047230546
B0006,4782,81,109.0,28.0,30.0,6.9569038194104635,18.89007450882452,0.33864106032857677,37.44150795732046
B0006,4786,82,109.0,27.0,30.0,4.1943167880749,19.508940580253093,0.9575071317571506,38.06037402874904
B0006,4790,83,109.0,26.0,30.0,3.385943834801445,17.71520446914198,0.0,36.26663791763792
B0006,4794,84,109.0,25.0,30.0,0.0,17.22590494227995,0.0,35.777338390775896
B0006,4798,85,109.0,24.0,30.0,0.0,14.760006132756137,0.0,33.31143958125208
B0006,4802,86,109.0,23.0,30.0,0.0,14.210444624819631,0.0,32.76187807331557
B0006,4806,87,109.0,22.0,30.0,0.0,13.912508748196247,0.0,32.46394219669219
B0006,4810,88,109.0,21.0,30.0,0.0,13.87219128787879,0.0,32.423624736374734
B0006,4814,89,109.0,20.0,30.0,0.0,12.917778589466087,0.0,31.46921203796203
B0006,4817,90,109.0,19.0,30.0,11.645113778931446,37.19634803391051,18.64491458541457,55.74778148240645
B0006,4820,91,109.0,18.0,30.0,12.269550464102558,31.956506042568538,13.405072594072596,50.50793949106448
B0006,4824,92,109.0,17.0,30.0,7.452107085808571,25.270210019147516,6.718776570651574,43.821643467643455
B0006,4828,93,109.0,16.0,30.0,2.4194290805981424,22.987394209956715,4.435960761460773,41.53882765845266
B0006,4832,94,109.0,15.0,30.0,2.2782510020706255,19.442172799422803,0.8907393509268609,37.99360624791875
B0006,4836,95,109.0,14.0,30.0,0.0,18.157326749639243,0.0,36.70876019813518
B0006,4840,96,109.0,13.0,30.0,0.0,15.582675727050734,0.0,34.134109175546676
B0006,4844,97,109.0,12.0,30.0,0.0,14.259200528638035,0.0,32.810633977133975
B0006,4848,98,109.0,11.0,30.0,0.0,12.163112026862029,0.0,30.714545475357973
B0006,4852,99,109.0,10.0,30.0,0.0,11.66293368437119,0.0,30.21436713286713
B0006,4856,100,109.0,9.0,30.0,0.0,11.016001443001445,0.0,29.567434891497385
B0006,4860,101,109.0,8.0,30.0,0.0,10.018306998556996,0.0,28.569740447052936
B0006,4864,102,109.0,7.0,30.0,0.0,9.045233495670994,0.0,27.596666944166934
B0006,4868,103,109.0,6.0,30.0,0.0,10.291802759740257,0.0,28.8432362082362
B0006,4871,104,109.0,5.0,30.0,0.0,14.143188623876133,0.0,32.69462207237208
B0006,4875,105,109.0,4.0,30.0,0.0,10.445328282828282,0.0,28.996761731324224
B0006,4879,106,109.0,3.0,30.0,0.0,8.333131673881672,0.0,26.884565122377616
B0006,4883,107,109.0,2.0,30.0,0.0,7.938289051226548,0.0,26.48972249972249
B0006,4887,108,109.0,1.0,30.0,0.0,6.733334325396824,0.0,25.284767773892767
B0006,4891,109,109.0,0.0,30.0,0.0,6.440189484126984,0.0,24.991622932622924
B0018,6355,1,97.0,96.0,31.0,80.62513222989824,82.21009811716061,63.65866466866467,100.76153156565655
B0018,6359,2,97.0,95.0,31.0,79.45438405598298,85.03163351925849,66.48020007076255,103.58306696775443
B0018,6363,3,97.0,94.0,31.0,77.49751375379668,81.1276017952635,62.57616834676756,99.67903524375944
B0018,6367,4,97.0,93.0,31.0,78.34016013015525,78.39996439793863,59.84853094944269,96.95139784643457
B0018,6370,5,97.0,92.0,31.0,78.63797157303867,86.60415615634363,68.05272270784769,105.15558960483958
B0018,6372,6,97.0,91.0,31.0,78.31842104977378,87.29098065129313,68.73954720279718,105.84241409978907
B0018,6374,7,97.0,90.0,31.0,80.71306975183957,86.43315821106994,67.881724762574,104.98459165956588
B0018,6376,8,97.0,89.0,31.0,78.7831012239383,83.80664910212332,65.25521565362737,102.35808255061926
B0018,6379,9,97.0,88.0,31.0,78.2317665242293,81.49619004728928,62.94475659879333,100.04762349578522
B0018,6382,10,97.0,87.0,31.0,78.05103659654128,81.46883551987224,62.9174020713763,100.02026896836819
B0018,6384,11,97.0,86.0,31.0,78.00488617177584,84.33568093834269,65.78424748984675,102.88711438683863
B0018,6386,12,97.0,85.0,31.0,78.22742011496302,83.71329980558654,65.1618663570906,102.26473325408249
B0018,6388,13,97.0,84.0,31.0,78.88403194268247,81.01488532994784,62.4634518814519,99.56631877844379
B0018,6391,14,97.0,83.0,31.0,77.9117517746651,74.32033293095792,55.768899482461975,92.87176637945386
B0018,6394,15,97.0,82.0,31.0,74.17060375270329,77.49502475996225,58.94359131146631,96.04645820845819
B0018,6396,16,97.0,81.0,31.0,73.83335332868353,79.25458220945725,60.70314876096131,97.8060156579532
B0018,6398,17,97.0,80.0,31.0,72.85780220752113,80.08050960844713,61.52907615995119,98.63194305694307
B0018,6400,18,97.0,79.0,31.0,74.76981431392083,80.59616531385286,62.04473186535692,99.1475987623488
B0018,6403,19,97.0,78.0,31.0,72.43633795449847,70.1208156565657,51.569382208069754,88.67224910506164
B0018,6406,20,97.0,77.0,31.0,69.0101449464614,68.47968831168834,49.92825486319239,87.03112176018428
B0018,6408,21,97.0,76.0,31.0,70.01980751432822,60.0288669733045,41.47743352480856,78.58030042180044
B0018,6410,22,97.0,75.0,31.0,69.02552217611816,54.41448872655122,35.86305527805528,72.96592217504715
B0018,6412,23,97.0,74.0,31.0,68.57767720235793,55.80165286796536,37.25021941946942,74.3530863164613
B0018,6415,24,97.0,73.0,31.0,68.6158106548316,54.05930456349207,35.50787111499613,72.61073801198802
B0018,6418,25,97.0,72.0,31.0,72.3168420213695,69.01097898629153,50.45954553779559,87.56241243478748
B0018,6420,26,97.0,71.0,31.0,68.71154473604452,74.69594399350653,56.14451054501059,93.24737744200247
B0018,6422,27,97.0,70.0,31.0,70.93607602796624,65.36250009018758,46.81106664169164,83.91393353868352
B0018,6424,28,97.0,69.0,31.0,68.95378611364795,62.17842090548337,43.62698745698743,80.7298543539793
B0018,6427,29,97.0,68.0,31.0,65.92200276034913,58.53628156565655,39.98484811716061,77.0877150141525
B0018,6430,30,97.0,67.0,31.0,67.09743261062198,55.56247321428569,37.01103976578975,74.11390666278163
B0018,6432,31,97.0,66.0,31.0,65.77010787889179,52.05781944444442,33.50638599594848,70.60925289294036
B0018,6434,32,97.0,65.0,31.0,63.11772635665946,52.97942027417025,34.42798682567431,71.5308537226662
B0018,6436,33,97.0,64.0,31.0,62.37417835377034,50.954194534631995,32.40276108613605,69.50562798312794
B0018,6439,34,97.0,63.0,31.0,62.068160299178196,48.727277326839804,30.175843878343862,67.27871077533575
B0018,6442,35,97.0,62.0,31.0,59.67552348597844,46.87038126456875,28.318947816072807,65.42181471306469
B0018,6444,36,97.0,61.0,31.0,57.11988333678036,42.95480235042735,24.403368901931408,61.50623579892329
B0018,6446,37,97.0,60.0,31.0,59.54979515872543,43.232632707570204,24.681199259074262,61.784066156066146
B0018,6448,38,97.0,59.0,31.0,54.43829053496864,42.57795548895549,24.026522040459547,61.12938893745143
B0018,6451,39,97.0,58.0,31.0,54.28964990568127,40.880833014207994,22.329399565712052,59.432266462703936
B0018,6454,40,97.0,57.0,31.0,61.70383276781158,46.86006295093795,28.30862950244201,65.4114963994339
B0018,6456,41,97.0,56.0,31.0,63.169581745041185,46.0585452256077,27.50711177711176,64.60997867410364
B0018,6458,42,97.0,55.0,31.0,57.37372190959972,41.4767858946609,22.925352446164958,60.02821934315684
B0018,6460,43,97.0,54.0,31.0,54.954955187033235,38.23079157647907,19.67935812798313,56.78222502497501
B0018,6463,44,97.0,53.0,31.0,56.45638467244052,36.97863585719833,18.427202408702385,55.53006930569427
B0018,6466,45,97.0,52.0,31.0,53.87314399586726,35.94042492923741,17.388991480741467,54.49185837773335
B0018,6469,46,97.0,51.0,31.0,71.81866452977819,54.820872294372286,36.269438845876344,73.37230574286824
B0018,6471,47,97.0,50.0,31.0,68.69197764502172,55.669626713564206,37.118193265068264,74.22106016206016
B0018,6473,48,97.0,49.0,31.0,65.06645395186843,52.40516531385279,33.85373186535685,70.95659876234873
B0018,6475,49,97.0,48.0,31.0,61.17764295239024,48.46071216283717,29.909278714341227,67.01214561133311
B0018,6477,50,97.0,47.0,31.0,60.57896388038456,46.36050694444443,27.80907349594849,64.91194039294038
B0018,6480,51,97.0,46.0,31.0,61.43905210444353,52.601940247252706,34.050506798756764,71.15337369574866
B0018,6482,52,97.0,45.0,31.0,55.46114668931759,48.55642103729603,30.00498758880009,67.10785448579198
B0018,6484,53,97.0,44.0,31.0,57.5582084603608,44.86968258130758,26.318249132811637,63.42111602980352
B0018,6486,54,97.0,43.0,31.0,51.38193273726198,40.767038010600515,22.215604562104573,59.31847145909646
B0018,6488,55,97.0,42.0,31.0,51.64428204468535,40.1454267121767,21.59399326368076,58.69686016067264
B0018,6493,56,97.0,41.0,31.0,63.21021981653702,46.89102732683981,28.33959387834387,65.44246077533575
B0018,6495,57,97.0,40.0,31.0,57.322096609968824,46.93673552142302,28.385302072927075,65.48816896991896
B0018,6497,58,97.0,39.0,31.0,51.97899100316461,41.23812062243312,22.68668717393718,59.789554070929064
B0018,6499,59,97.0,38.0,31.0,49.61611021630598,38.65461439948937,20.103180950993426,57.20604784798531
B0018,6502,60,97.0,37.0,31.0,50.0199603057956,36.94916300366298,18.39772955516704,55.50059645215892
B0018,6505,61,97.0,36.0,31.0,48.52446004124275,35.578713598901075,17.027280150405133,54.13014704739702
B0018,6507,62,97.0,35.0,31.0,43.99712109631729,35.2740165251415,16.722583076645556,53.82544997363744
B0018,6509,63,97.0,34.0,31.0,44.689125847095454,33.07092844655344,14.519494998057496,51.62236189504938
B0018,6511,64,97.0,33.0,31.0,41.88070166384694,30.87595195776446,12.324518509268518,49.4273854062604
B0018,6514,65,97.0,32.0,31.0,40.6924030171663,29.268143467643455,10.716710019147513,47.8195769161394
B0018,6517,66,97.0,31.0,31.0,38.90687467833242,27.378003676878674,8.826570228382732,45.92943712537462
B0018,6519,67,97.0,30.0,31.0,39.377373281455476,26.041024149461645,7.489590700965703,44.59245759795759
B0018,6521,68,97.0,29.0,31.0,35.77214453441597,23.94301448551448,5.39158103701854,42.494447934010424
B0018,6523,69,97.0,28.0,31.0,33.57618480402448,22.553830246142724,4.002396797646782,41.105263694638666
B0018,6526,70,97.0,27.0,31.0,32.255432806179115,20.893809225496703,2.342375777000761,39.445242673992645
B0018,6529,71,97.0,26.0,31.0,39.726826385015315,27.319147435897435,8.767713987401493,45.87058088439338
B0018,6531,72,97.0,25.0,31.0,38.10094899552669,27.586544802419784,9.035111353923842,46.13797825091572
B0018,6533,73,97.0,24.0,31.0,33.657164477144875,23.776202360139834,5.224768911643892,42.327635808635776
B0018,6535,74,97.0,23.0,31.0,32.90803805438792,20.789709027084005,2.2382755785880626,39.34114247557994
B0018,6537,75,97.0,22.0,31.0,32.09143802703534,18.679284437784432,0.1278509892884898,37.230717886280374
B0018,6540,76,97.0,21.0,31.0,31.028079806017008,18.805938408813393,0.2545049603174512,37.35737185730933
B0018,6542,77,97.0,20.0,31.0,30.724563507649012,17.224764971139958,0.0,35.776198419635904
B0018,6544,78,97.0,19.0,31.0,26.265484322369584,18.442178300865788,0.0,36.99361174936173
B0018,6546,79,97.0,18.0,31.0,24.435365108640145,16.406302308802307,0.0,34.95773575729825
B0018,6549,80,97.0,17.0,31.0,24.106423454395827,15.021863816738811,0.0,33.57329726523476
B0018,6552,81,97.0,16.0,31.0,23.65534114831908,15.621679383116875,0.0,34.17311283161282
B0018,6554,82,97.0,15.0,31.0,23.95039737439436,14.193815025252526,0.0,32.74524847374847
B0018,6556,83,97.0,14.0,31.0,23.348325345873988,13.82702128427129,0.0,32.37845473276723
B0018,6558,84,97.0,13.0,31.0,21.0881599481525,13.995732864357867,0.0,32.54716631285381
B0018,6561,85,97.0,12.0,31.0,22.05426870443294,13.170195977633478,0.0,31.721629426129418
B0018,6564,86,97.0,11.0,31.0,27.220594340146626,18.526763167388154,0.0,37.078196615884096
B0018,6566,87,97.0,10.0,31.0,22.790744955680086,17.796874729437217,0.0,36.34830817793316
B0018,6568,88,97.0,9.0,31.0,22.583717003138442,14.287901064213568,0.0,32.83933451270951
B0018,6570,89,97.0,8.0,31.0,17.765896221861606,13.775770743145742,0.0,32.327204191641684
B0018,6572,90,97.0,7.0,31.0,22.00968526619471,11.95787355699856,0.0,30.509307005494502
B0018,6575,91,97.0,6.0,31.0,21.819355178507095,16.84217009379509,0.0,35.39360354229103
B0018,6577,92,97.0,5.0,31.0,19.304144294344155,13.96523205266955,0.0,32.51666550116549
B0018,6579,93,97.0,4.0,31.0,17.287129625069703,14.028427940115442,0.0,32.579861388611384
B0018,6581,94,97.0,3.0,31.0,16.059569226835105,13.313875360750364,0.0,31.865308809246308
B0018,6584,95,97.0,2.0,31.0,13.827047351438488,17.721059613997106,0.0,36.27249306249305
B0018,6587,96,97.0,1.0,31.0,13.837205015432748,18.742568542568538,0.191135094072596,37.294001991064476
B0018,6589,97,97.0,0.0,31.0,12.048588081920975,17.51761147186146,0.0,36.0690449203574
B0042,1532,1,42.0,41.0,37.0,63.34644745085091,53.81468926906428,35.26325582056834,72.36612271756022
B0042,1534,2,42.0,40.0,37.0,55.79588936231758,52.06805323149074,33.516619782994795,70.61948667998668
B0042,1536,3,42.0,39.0,37.0,49.725176928986315,51.12845005688759,32.577016608391645,69.67988350538353
B0042,1538,4,42.0,38.0,37.0,45.86850890934345,51.57766939310691,33.02623594461097,70.12910284160284
B0042,1540,5,42.0,37.0,37.0,42.759322847042526,52.336349678099666,33.78491622960372,70.88778312659561
B0042,1546,7,42.0,35.0,37.0,35.929043579148285,54.94213809801315,36.39070464951721,73.49357154650909
B0042,1548,8,42.0,34.0,37.0,28.978838161524692,50.534485556110596,31.983052107614654,69.08591900460654
B0042,1550,9,42.0,33.0,37.0,26.303269319277668,49.44788175019426,30.89644830169832,67.9993151986902
B0042,1552,10,42.0,32.0,37.0,24.94105306028592,49.11894921051171,30.567515762015766,67.67038265900766
B0042,1556,11,42.0,31.0,37.0,24.09859050895713,42.84568679931177,24.29425335081583,61.39712024780771
B0042,1558,12,42.0,30.0,37.0,23.50796716955051,43.532498508435985,24.981065059940043,62.08393195693193
B0042,1560,13,42.0,29.0,37.0,21.216714290185177,39.29483896658896,20.74340551809302,57.846272415084904
B0042,1562,14,42.0,28.0,37.0,21.54959378144987,38.81525373931624,20.2638202908203,57.36668718781218
B0042,1564,15,42.0,27.0,37.0,19.74682457270742,36.017388368575865,17.465954920079923,54.56882181707181
B0042,1568,16,42.0,26.0,37.0,19.669143507604776,36.10369194000444,17.552258491508496,54.65512538850038
B0042,1570,17,42.0,25.0,37.0,17.710557443453645,35.13118697968698,16.579753531191038,53.68262042818292
B0042,1572,18,42.0,24.0,37.0,18.04262661655314,35.63276418026416,17.08133073176822,54.1841976287601
B0042,1574,19,42.0,23.0,37.0,15.724542444036775,34.48511594655345,15.933682498057507,53.03654939504939
B0042,1576,20,42.0,22.0,37.0,15.917036845072957,32.4189722777223,13.867538829226355,50.97040572621824
B0042,1580,21,42.0,21.0,37.0,21.21911002509563,36.14831474081474,17.5968812923188,54.69974818931068
B0042,1584,22,42.0,20.0,37.0,22.877421330091444,40.04284955322456,21.49141610472862,58.594283001720505
B0042,1586,23,42.0,19.0,37.0,20.111641625033386,40.019604943667424,21.468171495171482,58.571038392163366
B0042,1588,24,42.0,18.0,37.0,18.137399207002893,36.67654111166611,18.12510766317017,55.22797456016205
B0042,1590,25,42.0,17.0,37.0,16.956243866441525,33.40474691974694,14.853313471250999,51.95618036824288
B0042,1592,26,42.0,16.0,37.0,15.529525833469279,32.15874538655791,13.607311938061969,50.71017883505385
B0042,1596,27,42.0,15.0,37.0,15.987362360241065,32.88011306055059,14.32867961205465,51.431546509046534
B0042,1598,28,42.0,14.0,37.0,15.727802424629342,33.840302093739616,15.288868645243674,52.39173554223556
B0042,1600,29,42.0,13.0,37.0,14.047861179231553,33.16093313630816,14.609499687812217,51.7123665848041
B0042,1602,30,42.0,12.0,37.0,13.507628467257518,31.557613691863722,13.00618024336778,50.109047140359664
B0042,1604,31,42.0,11.0,37.0,9.625337102050715,31.12898510517261,12.577551656676668,49.68041855366855
B0042,1608,32,42.0,10.0,37.0,9.308440526795152,31.076463730713744,12.525030282217802,49.62789717920968
B0042,1610,33,42.0,9.0,37.0,9.585596528515723,30.949523414085924,12.398089965589982,49.500956862581866
B0042,1612,34,42.0,8.0,37.0,8.090310867477825,30.645949821012334,12.094516372516392,49.19738326950828
B0042,1614,35,42.0,7.0,37.0,6.307248435253207,29.74829940892442,11.196865960428479,48.299732857420366
B0042,1616,36,42.0,6.0,37.0,4.42713563446577,28.379757652070165,9.828324203574223,46.93119110056611
B0042,1620,37,42.0,5.0,37.0,2.5111878757982637,28.751883644133656,10.200450195637714,47.3033170926296
B0042,1622,38,42.0,4.0,37.0,2.871931043554987,28.91666836635588,10.365234917859937,47.46810181485182
B0042,1624,39,42.0,3.0,37.0,2.5859969499045405,29.122820852758363,10.57138740426242,47.67425430125431
B0042,1626,40,42.0,2.0,37.0,1.712323078785282,28.061115405427913,9.50968195693197,46.612548853923855
B0042,1628,41,42.0,1.0,37.0,0.0,27.28529388666888,8.73386043817294,45.836727335164824
B0042,1632,42,42.0,0.0,37.0,0.0,16.780585400710393,0.0,35.332018849206335
B0043,739,1,42.0,41.0,37.0,62.70945637295249,49.40122952741704,30.849796078921095,67.95266297591297
B0043,741,2,42.0,40.0,37.0,58.305073996517095,44.2930543831169,25.74162093462096,62.844487831612845
B0043,743,3,42.0,39.0,37.0,54.22347820321632,42.623393488456,24.07196003996006,61.174826936951945
B0043,745,4,42.0,38.0,37.0,51.5942718680391,41.908112914862926,23.356679466366984,60.45954636335887
B0043,747,5,42.0,37.0,37.0,49.12595828001655,41.248715728715716,22.697282280219774,59.80014917721166
B0043,753,7,42.0,35.0,37.0,45.72348656447365,39.83936507936509,21.287931630869146,58.39079852786103
B0043,755,8,42.0,34.0,37.0,43.45423729996409,37.293363906926416,18.741930458430474,55.84479735542236
B0043,757,9,42.0,33.0,37.0,42.740167488654734,36.70406700937952,18.15263356088358,55.25550045787546
B0043,759,10,42.0,32.0,37.0,41.314867023207846,34.602791847041864,16.051358398545922,53.154225295537806
B0043,763,11,42.0,31.0,37.0,40.621804506798604,34.05515070346323,15.503717254967285,52.60658415195917
B0043,765,12,42.0,30.0,37.0,39.877442966134346,33.80634460678212,15.254911158286177,52.35777805527806
B0043,767,13,42.0,29.0,37.0,38.94040999271657,33.6628768939394,15.111443445443456,52.21431034243534
B0043,769,14,42.0,28.0,37.0,37.18843301131417,31.850205266955268,13.298771818459326,50.40163871545121
B0043,771,15,42.0,27.0,37.0,36.723150534154215,32.46364177489177,13.912208326395827,51.01507522338771
B0043,775,16,42.0,26.0,37.0,37.19280099736441,31.536128697691197,12.984695249195255,50.08756214618714
B0043,777,17,42.0,25.0,37.0,36.147554438958984,31.632656655844144,13.081223207348202,50.184090104340086
B0043,779,18,42.0,24.0,37.0,35.475504879673295,30.860990571928063,12.309557123432121,49.412424020424005
B0043,781,19,42.0,23.0,37.0,34.461512028541534,30.12642707986457,11.574993631368628,48.67786052836051
B0043,783,20,42.0,22.0,37.0,33.37596074555419,29.132035533910525,10.580602085414583,47.68346898240647
B0043,787,21,42.0,21.0,37.0,39.06790080015277,29.676257485569995,11.124824037074053,48.22769093406593
B0043,791,22,42.0,20.0,37.0,35.95945423062574,29.45320779220779,10.90177434371185,48.004641240703734
B0043,793,23,42.0,19.0,37.0,35.36002522507146,30.74415873015872,12.192725281662778,49.29559217865466
B0043,795,24,42.0,18.0,37.0,34.51704626396665,29.94529654373403,11.393863095238089,48.49672999222997
B0043,797,25,42.0,17.0,37.0,30.903808453797943,26.594447337384832,8.04301388888889,45.14588078588078
B0043,799,26,42.0,16.0,37.0,29.4577772789329,25.34461553030303,6.793182081807089,43.89604897879897
B0043,803,27,42.0,15.0,37.0,33.01835924552279,27.608031752969268,9.056598304473326,46.15946520146521
B0043,805,28,42.0,14.0,37.0,31.608614104742898,27.601114704739707,9.049681256243765,46.15254815323565
B0043,807,29,42.0,13.0,37.0,30.51717396059046,27.117035873848362,8.56560242535242,45.66846932234431
B0043,809,30,42.0,12.0,37.0,28.36788419199545,27.35059359390609,8.799160145410148,45.90202704240203
B0043,811,31,42.0,11.0,37.0,27.001284978258767,25.205277243589734,6.653843795093792,43.756710692085676
B0043,815,32,42.0,10.0,37.0,27.714805147986006,23.542315160533903,4.990881712037961,42.093748609029845
B0043,817,33,42.0,9.0,37.0,26.92291442943351,23.679312371656106,5.127878923160164,42.23074582015205
B0043,819,34,42.0,8.0,37.0,25.325243543560347,23.580088526057267,5.028655077561325,42.13152197455321
B0043,821,35,42.0,7.0,37.0,23.596011595641645,22.182182050588295,3.6307486020923534,40.73361549908424
B0043,823,36,42.0,6.0,37.0,22.099263719446867,21.361065340909075,2.809631892413133,39.91249878940502
B0043,827,37,42.0,5.0,37.0,21.767667637524177,20.403957476551216,1.8525240280552744,38.955390925047155
B0043,829,38,42.0,4.0,37.0,20.04305379267037,19.543226731601727,0.9917932831057854,38.09466018009767
B0043,831,39,42.0,3.0,37.0,21.13023206432169,20.427272689116435,1.8758392406204933,38.97870613761238
B0043,833,40,42.0,2.0,37.0,20.01256732995762,19.811055360757653,1.2596219122617107,38.36248880925359
B0043,835,41,42.0,1.0,37.0,16.675410136884146,18.23950879329003,0.0,36.79094224178597
B0043,839,42,42.0,0.0,37.0,0.0,16.020693885975128,0.0,34.57212733447107
B0044,3241,1,42.0,41.0,37.0,65.37200949650502,42.31153598484849,23.760102536352548,60.86296943334443
B0044,3243,2,42.0,40.0,37.0,63.15932981536319,42.42562121212124,23.8741877636253,60.977054660617185
B0044,3245,3,42.0,39.0,37.0,59.09315395653919,39.96465602453106,21.413222576035118,58.516089473027
B0044,3247,4,42.0,38.0,37.0,56.55914230059821,39.23456466450219,20.683131216006245,57.78599811299813
B0044,3249,5,42.0,37.0,37.0,56.47076639261495,38.795411886724395,20.243978438228453,57.34684533522034
B0044,3255,7,42.0,35.0,37.0,51.26965425923394,35.81418311549562,17.262749666999675,54.36561656399156
B0044,3257,8,42.0,34.0,37.0,49.86677089619259,33.332331571206566,14.780898122710624,51.88376501970251
B0044,3259,9,42.0,33.0,37.0,47.82626247559335,31.135459956709948,12.584026508214006,49.68689340520589
B0044,3261,10,42.0,32.0,37.0,46.21514192366759,28.79545449689199,10.244021048396046,47.346887945387934
B0044,3265,11,42.0,31.0,37.0,46.4792839356372,28.42782327394827,9.876389825452328,46.97925672244421
B0044,3267,12,42.0,30.0,37.0,43.524463886195846,28.096645743145743,9.5452122946498,46.648079191641685
B0044,3269,13,42.0,29.0,37.0,42.58429343047977,27.476061417748916,8.924627969252974,46.02749486624486
B0044,3271,14,42.0,28.0,37.0,41.88369442069139,26.171629870129856,7.6201964216339135,44.7230633186258
B0044,3273,15,42.0,27.0,37.0,41.16585699452817,25.35078445165945,6.799351003163508,43.90221790015539
B0044,3277,16,42.0,26.0,37.0,42.46639138140002,25.677369769119753,7.125936320623811,44.22880321761569
B0044,3279,17,42.0,25.0,37.0,39.214282771095604,23.809824619824614,5.258391171328672,42.36125806832055
B0044,3281,18,42.0,24.0,37.0,38.32711971384461,23.31687025474525,4.765436806249308,41.868303703241196
B0044,3283,19,42.0,23.0,37.0,38.24561706868945,22.88217094017093,4.330737491674988,41.43360438866687
B0044,3285,20,42.0,22.0,37.0,36.03685790280127,21.29594312631811,2.744509677822169,39.84737657481405
B0044,3289,21,42.0,21.0,37.0,45.19876074905194,26.09803286297034,7.546599414474397,44.649466311466284
B0044,3293,22,42.0,20.0,37.0,42.006284466185704,25.444052669552665,6.892619221056723,43.9954861180486
B0044,3295,23,42.0,19.0,37.0,39.61795312414722,24.316174332611837,5.764740884115895,42.86760778110778
B0044,3297,24,42.0,18.0,37.0,37.63224141309816,22.863819173881677,4.3123857253857345,41.41525262237762
B0044,3299,25,42.0,17.0,37.0,33.493281880285934,18.92726325757576,0.3758298090798178,37.4786967060717
B0044,3301,26,42.0,16.0,37.0,34.54048612706235,16.59099454018204,0.0,35.14242798867798
B0044,3305,27,42.0,15.0,37.0,36.69599943869277,17.215133859196357,0.0,35.7665673076923
B0044,3307,28,42.0,14.0,37.0,33.25900338215446,17.69978176684426,0.0,36.2512152153402
B0044,3309,29,42.0,13.0,37.0,31.883348954290568,16.801719918969916,0.0,35.35315336746586
B0044,3311,30,42.0,12.0,37.0,28.828763121423957,15.282059204684206,0.0,33.833492653180144
B0044,3313,31,42.0,11.0,37.0,29.929557588222988,15.018864510489509,0.0,33.57029795898545
B0044,3317,32,42.0,10.0,37.0,32.61359684805168,14.583180978743478,0.0,33.13461442723942
B0044,3319,33,42.0,9.0,37.0,28.316243344343164,15.322113338050835,0.0,33.873546786546775
B0044,3321,34,42.0,8.0,37.0,27.03110778884996,14.976855040792545,0.0,33.528288489288485
B0044,3323,35,42.0,7.0,37.0,26.00742698864788,12.6084379023754,0.0,31.15987135087134
B0044,3325,36,42.0,6.0,37.0,24.53198948912543,10.596727494727492,0.0,29.148160943223434
B0044,3329,37,42.0,5.0,37.0,26.164055470745218,10.253886675824173,0.0,28.805320124320115
B0044,3331,38,42.0,4.0,37.0,22.399323770985234,10.465708645521147,0.0,29.01714209401709
B0044,3333,39,42.0,3.0,37.0,23.169964199298626,10.335517988955488,0.0,28.88695143745143
B0044,3335,40,42.0,2.0,37.0,22.72803237084309,10.19535078116328,0.0,28.74678422965922
B0044,3337,41,42.0,1.0,37.0,19.891744871829104,9.33064461233211,0.0,27.88207806082805
B0044,3341,42,42.0,0.0,37.0,0.0,16.883999361749346,0.0,35.43543281024529
B0046,553,1,17.0,16.0,35.5,43.229173193876335,37.274536165223665,18.723102716727723,55.82596961371961
B0046,557,2,17.0,15.0,35.5,36.159040669178324,10.021653860028858,0.0,28.573087308524798
B0046,559,3,17.0,14.0,35.5,22.577929774556278,9.650912788600287,0.0,28.20234623709623
B0046,561,4,17.0,13.0,35.5,19.968541336481007,9.311088113275611,0.0,27.86252156177155
B0046,563,5,17.0,12.0,35.5,19.789021849583232,8.362405573593069,0.0,26.91383902208901
B0046,565,6,17.0,11.0,35.5,16.36971860641313,7.305452561327559,0.0,25.8568860098235
B0046,569,7,17.0,10.0,35.5,44.93457074626481,7.792307720057718,0.0,26.34374116855366
B0046,573,8,17.0,9.0,35.5,31.035523024928388,8.296475378787877,0.0,26.847908827283817
B0046,575,9,17.0,8.0,35.5,14.790119803185188,6.724376803751799,0.0,25.27581025224774
B0046,577,10,17.0,7.0,35.5,13.372187618926695,6.777721049783544,0.0,25.329154498279486
B0046,579,11,17.0,6.0,35.5,10.492733225667031,6.727941822066821,0.0,25.279375270562763
B0046,581,12,17.0,5.0,35.5,9.50748334216619,6.778971583971582,0.0,25.330405032467525
B0046,585,13,17.0,4.0,35.5,45.966857288360316,6.813334679209677,0.0,25.36476812770562
B0046,589,14,17.0,3.0,35.5,28.655704766850825,7.237917478354976,0.0,25.78935092685092
B0046,591,15,17.0,2.0,35.5,12.83393377013072,7.0890807109557095,0.0,25.64051415945165
B0046,593,16,17.0,1.0,35.5,8.341878136859293,6.262727536352535,0.0,24.814160984848478
B0046,595,17,17.0,0.0,35.5,5.753535028172813,5.747731955544457,0.0,24.299165404040398
B0047,1,1,10.0,9.0,35.0,29.2884846579933,18.554136814574306,0.002703366078364411,37.10557026307025
B0047,5,2,10.0,8.0,35.0,9.712435338131527,15.005862012986997,0.0,33.55729546148294
B0047,7,3,10.0,7.0,35.0,1.3024776286708715,14.438411616161604,0.0,32.989845064657544
B0047,9,4,10.0,6.0,35.0,0.0,12.280642045454542,0.0,30.832075493950484
B0047,11,5,10.0,5.0,35.0,0.0,11.359342081529576,0.0,29.910775530025518
B0047,13,6,10.0,4.0,35.0,0.0,10.368057629870137,0.0,28.91949107836608
B0047,17,7,10.0,3.0,35.0,8.739650813273322,7.413987554112561,0.0,25.9654210026085
B0047,21,8,10.0,2.0,35.0,3.5042751622225197,8.290204635642143,0.0,26.841638084138083
B0047,23,9,10.0,1.0,35.0,0.0,7.604609758297261,0.0,26.156043206793203
B0047,25,10,10.0,0.0,35.0,0.0,6.595781343656341,0.0,25.147214792152283
B0048,369,1,12.0,11.0,35.0,33.060990608854326,17.46704455266954,0.0,36.018478001165484
B0048,373,2,12.0,10.0,35.0,15.543007464902708,11.004160624098127,0.0,29.55559407259407
B0048,375,3,12.0,9.0,35.0,8.280320041088167,9.805194853757357,0.0,28.3566283022533
B0048,377,4,12.0,8.0,35.0,3.215928844930417,9.644237283549781,0.0,28.195670732045723
B0048,379,5,12.0,7.0,35.0,0.09255844237257804,9.561232822732824,0.0,28.11266627122877
B0048,381,6,12.0,6.0,35.0,0.0,9.098769258519262,0.0,27.650202707015204
B0048,385,7,12.0,5.0,35.0,12.449396327623134,7.985212481962484,0.0,26.536645930458427
B0048,389,8,12.0,4.0,35.0,5.531557310678714,8.61731092518593,0.0,27.16874437368187
B0048,391,9,12.0,3.0,35.0,0.0,8.064227591852593,0.0,26.615661040348535
B0048,393,10,12.0,2.0,35.0,0.0,7.109625589688091,0.0,25.661059038184032
B0048,395,11,12.0,1.0,35.0,0.0,7.8739736235986255,0.0,26.42540707209457
B0048,397,12,12.0,0.0,35.0,0.0,7.167446026196027,0.0,25.718879474691967
