scenario_id,sample_index,is_abnormal,evaluation_kind,shrinkage_mahalanobis_prediction,shrinkage_mahalanobis_standardized_score,isolation_forest_prediction,isolation_forest_standardized_score,one_class_svm_prediction,one_class_svm_standardized_score
normal,1,0,blocked_normal_test,1,6.411067399467855,1,0.6333146208748339,1,2.356841944183056
normal,2,0,blocked_normal_test,0,-1.062597572289718,0,-2.4823838009714905,0,-0.6539656815999831
normal,3,0,blocked_normal_test,0,-3.0966431066893185,0,-3.682204137737753,0,-2.2154447427884985
normal,4,0,blocked_normal_test,0,-3.5859452761315214,0,-4.353605821475824,0,-2.1697620816856547
normal,5,0,blocked_normal_test,0,-3.101741256396473,0,-2.9670983293078623,0,-2.3690925893550743
normal,6,0,blocked_normal_test,0,-3.6256067482365766,0,-4.301271995505191,0,-3.0756987874527293
normal,7,0,blocked_normal_test,0,-2.8617207305519647,0,-2.5001268528202574,0,-1.4243112420328112
normal,8,0,blocked_normal_test,0,-3.1932747692755465,0,-3.2564354842223016,0,-2.039984404127382
normal,9,0,blocked_normal_test,0,-2.820916422067882,0,-2.810621074475029,0,-0.9559599205408987
normal,10,0,blocked_normal_test,0,-2.97817247748718,0,-2.3308370072981717,0,-1.788178121843816
normal,11,0,blocked_normal_test,0,-2.490888127975493,0,-2.4342323978680653,0,-2.098260498537234
normal,12,0,blocked_normal_test,0,-2.6162312973026602,0,-2.697835091978687,0,-2.5057571141782984
normal,13,0,blocked_normal_test,0,-2.719711532269204,0,-2.96448846662459,0,-0.8681899386756861
normal,14,0,blocked_normal_test,0,-3.5193366565214497,0,-4.314099471846789,0,-2.6497630734081534
normal,15,0,blocked_normal_test,0,-3.628178902947433,0,-3.826448110885168,0,-1.884734603684709
normal,16,0,blocked_normal_test,0,-3.137798552771246,0,-4.09878929272972,0,-1.685711380486482
normal,17,0,blocked_normal_test,0,-3.106539963084603,0,-3.232033276129219,0,-1.7283175408841642
normal,18,0,blocked_normal_test,0,-3.9361381412967558,0,-4.776257033652134,0,-3.140002306601846
normal,19,0,blocked_normal_test,0,-3.9478939630883896,0,-5.124375855559239,0,-3.736646421461019
normal,20,0,blocked_normal_test,0,-4.266448629851911,0,-5.79554952222194,0,-4.840791498628996
normal,21,0,blocked_normal_test,0,-3.3112969314904825,0,-4.790483992541573,0,-3.292231016704354
normal,22,0,blocked_normal_test,0,-4.0343452374078295,0,-5.414373867890842,0,-3.907988405764203
normal,23,0,blocked_normal_test,0,-1.5516133436150807,0,-1.99885362624014,0,-0.8693175730738779
normal,24,0,blocked_normal_test,0,-0.8223657209194574,0,-2.7087493340516287,0,-1.2255323038564268
normal,25,0,blocked_normal_test,0,-1.7634696698192165,0,-2.805077501306702,0,-1.1706803335696485
normal,26,0,blocked_normal_test,0,-2.959576675384996,0,-4.989069135350259,0,-2.602397616497587
normal,27,0,blocked_normal_test,0,-2.4390764431152783,0,-2.9596781541530235,0,-0.7014456383794272
normal,28,0,blocked_normal_test,0,-3.322992214276217,0,-4.156112065725873,0,-2.127902294018826
normal,29,0,blocked_normal_test,0,-3.801003311171601,0,-3.8195840030783867,0,-2.496122225403339
normal,30,0,blocked_normal_test,0,-3.632161806270302,0,-2.592770966108601,0,-3.95732362017669
normal,31,0,blocked_normal_test,0,-3.560419941837828,0,-2.60505889019212,0,-4.100533969870387
normal,32,0,blocked_normal_test,0,-3.4428364342240054,0,-1.0926525531127145,0,-2.946796422910067
normal,33,0,blocked_normal_test,0,-3.66032144642338,0,-1.4270395669650575,0,-3.8592059334905326
normal,34,0,blocked_normal_test,0,-3.4462808063312402,0,-0.966937249185253,0,-3.028691946385372
normal,35,0,blocked_normal_test,0,-3.4582084708384446,0,-0.500534073020093,0,-2.9243391463236597
normal,36,0,blocked_normal_test,0,-2.4490179773889142,1,0.6609327582548324,0,-1.2163112230507456
normal,37,0,blocked_normal_test,0,-2.924777523805877,0,-0.4580449191986158,0,-2.430092128920842
normal,38,0,blocked_normal_test,0,-3.746934651471793,0,-1.90345656664218,0,-4.311116488258511
normal,39,0,blocked_normal_test,0,-3.355144971050272,1,0.4139323838590515,0,-2.0783146857764625
normal,40,0,blocked_normal_test,0,-3.555281888279729,0,-0.9204003679946524,0,-3.8462781454224144
normal,41,0,blocked_normal_test,0,-4.187871911190282,0,-2.5171398670351013,0,-6.011996012600697
normal,42,0,blocked_normal_test,0,-4.008368636010743,0,-1.2179854508640178,0,-4.034071685404842
normal,43,0,blocked_normal_test,0,-3.5787213687055828,0,-0.8703349778685395,0,-4.493056299588309
normal,44,0,blocked_normal_test,0,-4.065042074751133,0,-1.2798668731413363,0,-4.687841195658995
normal,45,0,blocked_normal_test,0,-3.7036572763726685,0,-1.371162414910075,0,-4.411769285244765
normal,46,0,blocked_normal_test,0,-2.838770601833228,0,-0.5344460809925632,0,-3.416007605250306
normal,47,0,blocked_normal_test,0,-3.164009146124882,1,0.6782232594980412,0,-2.73751988867526
normal,48,0,blocked_normal_test,0,-3.618137937808771,0,-0.6988022511218999,0,-5.131997018333958
normal,49,0,blocked_normal_test,0,-4.2338039708165205,0,-0.9629703895199093,0,-5.386247829250844
normal,50,0,blocked_normal_test,0,-4.35019190177073,0,-1.7204418715482956,0,-5.73299414338769
normal,51,0,blocked_normal_test,0,-4.223592224102443,0,-2.0946992614925324,0,-5.440560069131869
normal,52,0,blocked_normal_test,0,-4.700712399520732,0,-2.286216125486245,0,-7.337891166839534
normal,53,0,blocked_normal_test,0,-4.052929278268812,0,-0.9191896644880387,0,-3.9849020976761964
normal,54,0,blocked_normal_test,0,-4.467030397565249,0,-1.7479421106106587,0,-5.540847276586355
normal,55,0,blocked_normal_test,0,-4.798548961292527,0,-2.4781737919583957,0,-7.388378877937181
normal,56,0,blocked_normal_test,0,-4.814133919321425,0,-1.6339221809313063,0,-6.337801032116037
normal,57,0,blocked_normal_test,0,-4.457433474385392,0,-1.4589177478772521,0,-5.203583061212149
normal,58,0,blocked_normal_test,0,-4.419632690156833,0,-0.828471339143099,0,-5.137211602362789
normal,59,0,blocked_normal_test,0,-0.7660719040640263,0,-1.2971691935356462,0,-0.7551698269039414
normal,60,0,blocked_normal_test,0,-2.83698580915701,0,-3.0140168753295558,0,-3.3134808564515694
normal,61,0,blocked_normal_test,0,-2.467706214283565,0,-2.69257605989845,0,-3.001624974345101
normal,62,0,blocked_normal_test,0,-2.216669116361354,0,-2.471664183566792,0,-2.4625529037330813
normal,63,0,blocked_normal_test,0,-1.2421080318952216,0,-1.0350707102479155,0,-1.4369503131042787
normal,64,0,blocked_normal_test,0,-2.0733013490022922,0,-2.600721786680119,0,-2.2924935778113307
normal,65,0,blocked_normal_test,0,-2.5327641534127165,0,-3.092664851744907,0,-3.4968844132087447
normal,66,0,blocked_normal_test,0,-3.0550613472550063,0,-3.36904348113305,0,-4.057704653350633
normal,67,0,blocked_normal_test,0,-2.046450456687939,0,-2.7840350846152577,0,-1.8364891688003224
normal,68,0,blocked_normal_test,0,-2.319718833418053,0,-3.3504320065660225,0,-2.5631850263803497
normal,69,0,blocked_normal_test,0,-1.6456053182900199,0,-2.571847289419874,0,-1.9233600582654908
normal,70,0,blocked_normal_test,0,-1.9865473476373006,0,-3.6716422512301183,0,-2.9463541705919627
normal,71,0,blocked_normal_test,0,-2.3065426309619177,0,-3.4883814255479098,0,-3.3522770375677804
normal,72,0,blocked_normal_test,0,-2.4165691075283435,0,-3.2606004573922625,0,-2.8681615447142987
normal,73,0,blocked_normal_test,0,-2.706990386067535,0,-3.6677313665087516,0,-3.2203258078441412
normal,74,0,blocked_normal_test,0,-2.4531428576896572,0,-3.411777822182904,0,-3.200683112846428
normal,75,0,blocked_normal_test,0,-2.665863995109998,0,-3.477640855744913,0,-2.774989330465587
normal,76,0,blocked_normal_test,0,-2.4653555389817807,0,-3.781382692078687,0,-3.033405981804937
normal,77,0,blocked_normal_test,0,-2.7425068338248804,0,-3.730727086545191,0,-3.3970372898528
normal,78,0,blocked_normal_test,0,-2.9843908339885163,0,-4.117189937054902,0,-4.096204329940368
normal,79,0,blocked_normal_test,0,-2.837346252169429,0,-3.936259978217722,0,-3.63864661356871
normal,80,0,blocked_normal_test,0,-2.1958398816674944,0,-4.076937800227846,0,-3.9247864174799956
normal,81,0,blocked_normal_test,0,-1.880527312172718,0,-3.503416939428626,0,-3.250811860346986
normal,82,0,blocked_normal_test,0,-1.881665315544951,0,-3.0872126274568275,0,-2.8717669319348227
normal,83,0,blocked_normal_test,0,-1.4579760471869414,0,-3.063263203298241,0,-2.59222777578066
normal,84,0,blocked_normal_test,0,-1.586052316146608,0,-2.503732193377496,0,-2.018881158274032
normal,85,0,blocked_normal_test,0,-2.382202089432377,0,-4.06811971146192,0,-3.602527887990092
normal,86,0,blocked_normal_test,0,-3.178793753616095,0,-3.6652167651500642,0,-3.5352515078775957
normal,87,0,blocked_normal_test,0,-3.0951961664731322,0,-3.892053416247693,0,-3.9486944363487413
normal,88,0,blocked_normal_test,0,-0.4498949953473824,0,-1.1018607409009744,0,-1.2203129933119132
normal,89,0,blocked_normal_test,0,-0.6072651232876461,1,0.1308530619673144,0,-1.0098168744956408
normal,90,0,blocked_normal_test,1,0.9431993704927707,0,-0.44542962542486614,0,-0.7528350432017786
normal,91,0,blocked_normal_test,1,3.111397336846058,1,0.5355367198199601,1,0.24002676569411113
normal,92,0,blocked_normal_test,1,1.7308130389197456,1,0.6538804554007117,1,0.5637177563037045
normal,93,0,blocked_normal_test,1,2.7241629164512653,0,-1.2352536747718919,0,-0.3976742053771822
normal,94,0,blocked_normal_test,1,1.141179682701474,0,-0.9758841189071656,0,-0.7711807341070072
normal,95,0,blocked_normal_test,0,-1.0773028916905663,0,-0.9261785880553985,0,-0.8459216905047093
normal,96,0,blocked_normal_test,0,-1.7134114752840257,0,-2.1709739074664394,0,-1.7532417510668676
normal,97,0,blocked_normal_test,0,-2.7074304408653305,0,-2.3463857371139483,0,-2.4471671748516095
normal,98,0,blocked_normal_test,0,-0.563671311800259,0,-0.6446195146308641,0,-1.0118261378930378
normal,99,0,blocked_normal_test,1,0.3644101665380433,0,-0.7826081135628012,0,-0.8496909188792593
normal,100,0,blocked_normal_test,0,-0.5048203317356664,1,0.5739649403317736,0,-0.04422813542165485
normal,101,0,blocked_normal_test,0,-0.5749666465712051,0,-0.5799535129084248,0,-0.6410469317414611
normal,102,0,blocked_normal_test,1,500.20106930540675,1,2.7620702935584136,1,4.181956128820769
normal,103,0,blocked_normal_test,1,614.4751481369061,0,-0.43996642232547956,1,4.181956128820769
normal,104,0,blocked_normal_test,1,586.353665343669,1,1.964204137361715,1,4.181956128820769
normal,105,0,blocked_normal_test,1,374.03869550755735,1,1.3496150506930036,1,4.181956128820769
normal,106,0,blocked_normal_test,1,2.896344901526,1,0.6515089179305238,1,0.9417035611976357
normal,107,0,blocked_normal_test,1,3.188742501228909,1,0.12654666655674582,1,0.33975328868102195
normal,108,0,blocked_normal_test,1,0.7109828015011667,0,-0.19049664187354862,0,-0.7379967741103333
normal,109,0,blocked_normal_test,1,0.5121881007954429,1,0.4484775193474143,0,-0.04101039683811733
normal,110,0,blocked_normal_test,1,5.1832220854101605,1,2.886991098558723,1,2.696862321064018
normal,111,0,blocked_normal_test,1,6.058272792728742,1,2.6189906258077116,1,2.227144315263634
normal,112,0,blocked_normal_test,1,3.1542148422870984,0,-0.07804005853885886,1,1.0383591123214175
normal,113,0,blocked_normal_test,1,3.2482372982311483,1,2.3812476033183274,1,1.5790562377672568
normal,114,0,blocked_normal_test,1,3.292930036630131,1,1.5055663257962286,1,1.0957107807715145
normal,115,0,blocked_normal_test,0,-1.0894674880381017,1,0.11529009158923002,0,-0.6791691362460607
normal,116,0,blocked_normal_test,0,-3.1576185610314584,0,-0.0784146045240649,0,-1.3968732916770743
normal,117,0,blocked_normal_test,0,-3.1478117345408716,1,0.09749579129375385,0,-0.8211756828223558
normal,118,0,blocked_normal_test,0,-3.1655370612515323,0,-0.5249268165012637,0,-2.079307487888726
normal,119,0,blocked_normal_test,0,-3.161231768618811,0,-0.5666156061308422,0,-1.826253557235193
normal,120,0,blocked_normal_test,0,-3.1716372610461607,0,-0.7976304566923793,0,-2.3853130418941126
normal,121,0,blocked_normal_test,0,-3.170625798066674,0,-0.7431378385143467,0,-2.2594270655844695
normal,122,0,blocked_normal_test,0,-3.1654014259284784,0,-0.3396973789121698,0,-1.6604977396748093
normal,123,0,blocked_normal_test,0,-3.170670988571159,0,-0.8870496203942199,0,-2.2005420697639106
normal,124,0,blocked_normal_test,0,-3.1593470595314423,0,-0.6091163570250202,0,-1.6361863217552197
normal,125,0,blocked_normal_test,0,-3.1681642916937114,0,-0.8349871476477777,0,-2.146129350922326
normal,126,0,blocked_normal_test,0,-3.1670433604392945,0,-0.7391808279791621,0,-2.08056956224788
normal,127,0,blocked_normal_test,0,-3.17098152496119,0,-0.8766871655132163,0,-2.306447157570923
normal,128,0,blocked_normal_test,0,-3.172698601278423,0,-0.7704425596736275,0,-2.3133814513136697
normal,129,0,blocked_normal_test,0,-3.163698885512234,0,-0.33413022585610996,0,-1.6519611333608188
normal,130,0,blocked_normal_test,0,-3.145704821358542,0,-0.0807801821675194,0,-1.2457767932957369
normal,131,0,blocked_normal_test,0,-3.120670085284305,1,0.45415802908632125,0,-0.6395332696609489
normal,132,0,blocked_normal_test,0,-3.1446492391785617,0,-0.09059902672934493,0,-1.3954826353842893
normal,133,0,blocked_normal_test,0,-3.170397636623794,0,-0.46281562113383046,0,-2.2493634428867617
normal,134,0,blocked_normal_test,0,-3.172609847803515,0,-0.7700537334436962,0,-2.3242138915491077
normal,135,0,blocked_normal_test,0,-3.171504882880789,0,-0.37807850877923443,0,-1.8301985123455746
normal,136,0,blocked_normal_test,0,-3.165458825709256,0,-0.5980862364649083,0,-1.6739016041648558
normal,137,0,blocked_normal_test,0,-3.1667295032551213,0,-0.4016714299285588,0,-1.8964876673861697
normal,138,0,blocked_normal_test,0,-3.1773984345090214,0,-0.3928172654075083,0,-2.120595177774902
normal,139,0,blocked_normal_test,0,-3.1742095328481112,0,-0.5812053241354537,0,-2.0313044390747867
normal,140,0,blocked_normal_test,0,-3.172414494489315,0,-0.7434030529946969,0,-2.1028810391020802
normal,141,0,blocked_normal_test,0,-3.1663610305526033,0,-0.6407410826805937,0,-2.0592786958884917
normal,142,0,blocked_normal_test,0,-3.176822630658808,0,-0.8613790719431006,0,-2.221846063487361
normal,143,0,blocked_normal_test,0,-3.1703173595689735,0,-0.0027979772039923327,0,-1.675705722009509
normal,144,0,blocked_normal_test,1,0.23813366351671034,0,-3.693228319251181,1,0.06786241043663702
normal,145,0,blocked_normal_test,1,0.38682553013447707,0,-1.3053669435864717,1,0.09621261716161714
normal,146,0,blocked_normal_test,1,0.8264293484175265,0,-2.358394827705708,1,0.18960040267491507
normal,147,0,blocked_normal_test,1,1.063107039499176,0,-4.102308714505869,1,0.17522125239302044
normal,148,0,blocked_normal_test,1,0.8673707181569963,0,-3.2919382728637205,1,0.19797300694748554
normal,149,0,blocked_normal_test,1,1.2854463305525239,0,-2.5362630008436,1,0.2544867471569661
normal,150,0,blocked_normal_test,1,1.4355280241857507,0,-3.5558917407035877,1,0.2679661594818116
normal,151,0,blocked_normal_test,1,1.605785243017696,0,-2.140634173006312,1,0.28159969537692586
normal,152,0,blocked_normal_test,1,1.6358181094115805,0,-3.4424627667353986,1,0.26422404785068326
normal,153,0,blocked_normal_test,1,1.9300599690751294,0,-4.439844136364528,1,0.2932890602535578
normal,154,0,blocked_normal_test,1,2.2396974226629434,0,-4.417079011424278,1,0.30868476777157733
normal,155,0,blocked_normal_test,1,3.114765012671801,0,-3.6008209068263453,1,0.3445987658261286
normal,156,0,blocked_normal_test,1,3.3616355871803263,0,-1.0821573940266709,1,0.3615642944403001
normal,157,0,blocked_normal_test,1,3.1480390604865223,0,-2.582706219386094,1,0.35191794514554176
normal,158,0,blocked_normal_test,1,3.1713109188925768,0,-1.7659830099425933,1,0.35597386108647217
normal,159,0,blocked_normal_test,1,2.766638019513879,0,-2.5641402176475383,1,0.3406266275850765
normal,160,0,blocked_normal_test,1,3.1200207714276353,0,-0.9614141216367258,1,0.3585516648800696
normal,161,0,blocked_normal_test,1,3.4131611660666823,0,-2.539268458254477,1,0.3651499304662085
normal,162,0,blocked_normal_test,1,3.0354548988651544,0,-2.947809152004164,1,0.3504134965455161
normal,163,0,blocked_normal_test,1,4.0558756030226775,0,-1.8506705919926547,1,0.368823595224658
normal,164,0,blocked_normal_test,1,3.600369820537017,0,-4.798399692234735,1,0.3561949238677869
normal,165,0,blocked_normal_test,1,3.5086890771379764,0,-3.6212862518269935,1,0.35695258025406906
normal,166,0,blocked_normal_test,1,3.667366552044367,0,-4.615412704503101,1,0.3591997215700197
normal,167,0,blocked_normal_test,1,3.98330887388184,0,-1.2482492917488148,1,0.3694498910869157
normal,168,0,blocked_normal_test,1,4.348728733273605,0,-1.8805840349627632,1,0.37255153718654715
normal,169,0,blocked_normal_test,1,4.194249442282856,0,-4.079511369120354,1,0.3669582454999886
normal,170,0,blocked_normal_test,1,4.148371363590969,0,-4.259375614116804,1,0.36959096461356555
normal,171,0,blocked_normal_test,1,4.099370354407296,0,-3.0346198432981826,1,0.371458447081938
one,1,1,abnormal_scenario,1,2.066869974264123,0,0.25512817169761226,0,0.34012353196387146
one,2,1,abnormal_scenario,0,-0.24362130892535488,0,-0.44245012451001675,0,-0.3893827140016801
one,3,1,abnormal_scenario,0,-0.9442876451644937,0,-1.1621948228932357,0,-1.096636784536877
one,4,1,abnormal_scenario,0,-1.6994326250127556,0,-1.8801847649164256,0,-1.8098335648876178
one,5,1,abnormal_scenario,0,-2.4479119391239252,0,-2.404381996038294,0,-1.8979097006640469
one,6,1,abnormal_scenario,0,-2.9479374195921806,0,-2.855587810553282,0,-2.550529437087662
one,7,1,abnormal_scenario,0,-3.2124925071040615,0,-3.0056432690805055,0,-2.948709518280192
one,8,1,abnormal_scenario,0,-3.1791559743326046,0,-2.862297966475484,0,-2.7484583581453297
one,9,1,abnormal_scenario,0,-2.930819011541134,0,-3.169512949396757,0,-2.165700359738852
one,10,1,abnormal_scenario,0,-1.8316034827990202,0,-2.1205442974353854,0,-1.1120732048385022
one,11,1,abnormal_scenario,0,-2.8036497749700118,0,-2.7553465489717377,0,-2.346255503251053
one,12,1,abnormal_scenario,0,-2.938062957598944,0,-2.129360255378375,0,-2.0917050597834246
one,13,1,abnormal_scenario,0,-2.982533311501566,0,-2.2208169476770405,0,-2.471945246994628
one,14,1,abnormal_scenario,0,-2.834603102671934,0,-1.9415459845177836,0,-1.948788047629564
one,15,1,abnormal_scenario,0,-2.4081371785453776,0,-1.72042247817015,0,-1.2597894597066275
one,16,1,abnormal_scenario,0,-0.9091929615018296,0,-1.1039133685747404,0,-0.6342331705085789
one,17,1,abnormal_scenario,0,-1.351969507625232,0,-1.2488054921212417,0,-0.9579733239545711
one,18,1,abnormal_scenario,0,-1.712724828985901,0,-2.3009963828994553,0,-1.9392749918792491
one,19,1,abnormal_scenario,0,-2.1328303482173583,0,-2.701282320961335,0,-2.6011176668230664
one,20,1,abnormal_scenario,0,-3.1118898007465514,0,-3.026191011223606,0,-2.8710082267259343
one,21,1,abnormal_scenario,0,-3.1234517008516907,0,-2.5200387908925306,0,-2.647365192932571
one,22,1,abnormal_scenario,0,-3.0370622524031567,0,-2.411097429510919,0,-1.8564955603954736
one,23,1,abnormal_scenario,0,-2.614350254202754,0,-1.2354477300552094,0,-1.0978654696854981
one,24,1,abnormal_scenario,0,-3.058508924512612,0,-2.3272839126929137,0,-2.5637706719876387
one,25,1,abnormal_scenario,0,-3.0116907774177637,0,-2.320740941422822,0,-1.8397873662538506
one,26,1,abnormal_scenario,0,-2.3768887861012242,0,-1.5890323752145439,0,-1.54451700027208
one,27,1,abnormal_scenario,0,-3.194488538036085,0,-2.778480944565449,0,-3.351146410234989
one,28,1,abnormal_scenario,0,-3.362887426714326,0,-2.6886825742692295,0,-2.9551546940882023
one,29,1,abnormal_scenario,0,-3.547581306518207,0,-2.879009376408347,0,-3.527131979328102
one,30,1,abnormal_scenario,0,-4.067886334799433,0,-4.6344740240169,0,-5.142721873430968
one,31,1,abnormal_scenario,0,-3.9362777400937707,0,-3.4844544496020307,0,-4.24194734694523
one,32,1,abnormal_scenario,0,-3.396429705545521,0,-2.7324965738705993,0,-3.1923451605974322
one,33,1,abnormal_scenario,0,-3.3616516234755403,0,-2.886956564083887,0,-3.2542477776253835
one,34,1,abnormal_scenario,0,-3.353340739118334,0,-1.525148191263463,0,-2.809997170388902
one,35,1,abnormal_scenario,0,-3.3587678329841446,0,-2.185144707185919,0,-2.615908043558581
one,36,1,abnormal_scenario,0,-3.2272873375853566,0,-1.5006354559764419,0,-2.0614896884363576
one,37,1,abnormal_scenario,0,-2.638447626088525,0,-1.416720559453561,0,-1.681727173133948
one,38,1,abnormal_scenario,0,-2.4154870985283345,0,-1.1562150410658534,0,-1.6428140163159028
one,39,1,abnormal_scenario,0,-3.5010120074199014,0,-2.607198542957367,0,-2.8181164095463442
one,40,1,abnormal_scenario,0,-2.80660219183268,0,-2.167816212292246,0,-2.627063170378835
one,41,1,abnormal_scenario,0,-3.4040354985556753,0,-2.0478316761701763,0,-2.7603566656156433
one,42,1,abnormal_scenario,0,-3.6518735279293866,0,-3.0852570996315096,0,-4.350213119818187
one,43,1,abnormal_scenario,0,-3.5489601714534906,0,-2.2609732722224796,0,-3.1713786393097276
one,44,1,abnormal_scenario,0,-3.451527082828063,0,-1.146024288075283,0,-2.4616850650389237
one,45,1,abnormal_scenario,0,-3.538038296847671,0,-1.8848758348773504,0,-2.6468805627764427
one,46,1,abnormal_scenario,0,-2.909493065182327,0,-1.632551018754377,0,-1.602080043924866
one,47,1,abnormal_scenario,0,-2.954818831696931,0,-1.3244702622446776,0,-2.27678744675873
one,48,1,abnormal_scenario,0,-3.468081217748535,0,-2.57897438362276,0,-3.5692847990486936
one,49,1,abnormal_scenario,0,-3.617203344363978,0,-2.720964974229235,0,-3.4669120670401004
one,50,1,abnormal_scenario,0,-3.5931304439022034,0,-2.796429764693119,0,-3.594264300539091
one,51,1,abnormal_scenario,0,-3.3576428930686726,0,-1.3220015158246827,0,-2.5392812002013176
one,52,1,abnormal_scenario,0,-3.6445633362048446,0,-3.2140628853020172,0,-4.235155093962765
one,53,1,abnormal_scenario,0,-3.9590942368937845,0,-3.518005784775687,0,-4.86750324475175
one,54,1,abnormal_scenario,0,-3.721567232619405,0,-3.290990866976253,0,-4.111694798956464
one,55,1,abnormal_scenario,0,-3.597345576688168,0,-2.2868391285852745,0,-3.4318903525707096
one,56,1,abnormal_scenario,0,-3.6069520109675626,0,-2.382042788751728,0,-2.4690550358314622
one,57,1,abnormal_scenario,0,-3.6697084036185923,0,-3.275712060470971,0,-4.451963181576462
one,58,1,abnormal_scenario,0,-3.6912300984024546,0,-3.3110501080950963,0,-4.602134681613631
one,59,1,abnormal_scenario,0,-3.5713796254392802,0,-2.279401892269517,0,-2.907680810909713
one,60,1,abnormal_scenario,0,-3.583558803112517,0,-2.402732367277962,0,-3.2231854651956175
one,61,1,abnormal_scenario,0,-3.4346529013462694,0,-1.3153814707746434,0,-1.8600585487324746
one,62,1,abnormal_scenario,0,-3.4174049799752284,0,-1.6651441770166429,0,-2.1938541459796204
one,63,1,abnormal_scenario,0,-3.5997778599538908,0,-1.5755560266696387,0,-2.893201527663088
one,64,1,abnormal_scenario,0,-3.622690121961315,0,-2.2007066008079557,0,-2.876302435813065
one,65,1,abnormal_scenario,0,-2.760840544156258,0,-1.0631874023489676,0,-1.8939203313858237
one,66,1,abnormal_scenario,0,-3.1610492838127637,0,-1.5928151445338121,0,-2.3447694675887814
one,67,1,abnormal_scenario,0,-3.604201372428709,0,-2.223275163291608,0,-3.1150399141066716
one,68,1,abnormal_scenario,0,-3.1453284391450143,0,-2.0903762433679347,0,-1.9510453304683626
one,69,1,abnormal_scenario,0,-3.0774710258910805,0,-1.984781637998816,0,-2.4808284357074966
one,70,1,abnormal_scenario,0,-3.4113871464733965,0,-3.076461050669736,0,-3.553795905980009
one,71,1,abnormal_scenario,0,-3.2107410598848984,0,-1.9292222744646281,0,-2.8161846991083443
one,72,1,abnormal_scenario,0,-2.482403196237027,0,-1.4099100274295804,0,-2.314946436189531
one,73,1,abnormal_scenario,0,-3.5726641098350553,0,-2.23857704153516,0,-2.268138251343405
one,74,1,abnormal_scenario,0,-3.2849642129009933,0,-1.3039944012730693,0,-1.3676234464439894
one,75,1,abnormal_scenario,0,-2.0894650845791936,0,-1.2589614071206197,0,-0.6050735042059582
one,76,1,abnormal_scenario,0,-3.14882835583826,0,-2.3695672216242407,0,-2.5892260096126583
one,77,1,abnormal_scenario,0,-3.2437390260782655,0,-2.134105812742309,0,-2.6472810180601805
one,78,1,abnormal_scenario,0,-2.2406143445728612,0,-1.6075100158353886,0,-1.1791521666400246
one,79,1,abnormal_scenario,0,-3.6058244120244076,0,-2.0742237590294113,0,-2.6951515202009233
one,80,1,abnormal_scenario,0,-3.622801840928103,0,-2.628135219014952,0,-3.396797625238383
one,81,1,abnormal_scenario,0,-3.6108147909277832,0,-2.5515404875304455,0,-3.095007102126803
one,82,1,abnormal_scenario,0,-3.6009286009873027,0,-2.357280910887554,0,-3.199607516538509
one,83,1,abnormal_scenario,0,-3.3987810549877953,0,-2.083748166511107,0,-3.6641507348047666
one,84,1,abnormal_scenario,0,-3.6332224119548346,0,-2.5299235830400253,0,-4.081295879770968
one,85,1,abnormal_scenario,0,-3.691889090595618,0,-3.976805987177597,0,-5.845113326162114
one,86,1,abnormal_scenario,0,-3.661299784599358,0,-3.600992542573545,0,-4.311317338438477
one,87,1,abnormal_scenario,0,-3.577632459401994,0,-2.3176831518005225,0,-3.4167236957442344
one,88,1,abnormal_scenario,0,-2.8298850794317225,0,-0.983720290777572,0,-1.7237675275824682
one,89,1,abnormal_scenario,0,-2.6901771950574025,0,-1.7364450749999345,0,-1.7036348757740458
one,90,1,abnormal_scenario,0,-3.5996441894865168,0,-2.890756660440233,0,-3.671007646609025
one,91,1,abnormal_scenario,0,-3.0340521778464185,0,-1.7354767616356777,0,-1.641280284693746
one,92,1,abnormal_scenario,0,-2.701942841061583,0,-0.7901377197067463,0,-1.2254915601741672
one,93,1,abnormal_scenario,0,-2.603335240580244,0,-1.1734696604196138,0,-0.999694242811023
one,94,1,abnormal_scenario,0,-3.031114812292566,0,-2.3661016245282074,0,-2.371101217212072
one,95,1,abnormal_scenario,0,-2.43474704910114,0,-2.353690156866919,0,-1.7089191785586912
one,96,1,abnormal_scenario,0,-3.2278505883964055,0,-2.4757193532805584,0,-1.9067666250685427
one,97,1,abnormal_scenario,0,-2.76363965445095,0,-1.4981375154108645,0,-1.2343009796187858
one,98,1,abnormal_scenario,0,-1.9996388261036224,0,-0.6729135247692292,0,-0.8789306262307217
one,99,1,abnormal_scenario,0,-2.622436702611589,0,-2.0274231741416786,0,-2.1010042918369276
one,100,1,abnormal_scenario,0,-3.305905259597802,0,-2.953638222523405,0,-2.3307533619963436
one,101,1,abnormal_scenario,0,-2.968881081563314,0,-2.2853719857277643,0,-2.1226204294275544
one,102,1,abnormal_scenario,1,7.345712372573257,1,2.048456996716442,1,1.167230154037013
one,103,1,abnormal_scenario,1,0.7829395719803967,0,-0.4238201687539177,0,-0.4677929519712462
one,104,1,abnormal_scenario,1,1.479921917260563,1,1.3941742196932436,0,-0.02937793497724148
one,105,1,abnormal_scenario,0,-0.3365200560376919,1,0.17151933907802785,0,-0.43990213377432036
one,106,1,abnormal_scenario,0,-2.9930939226271684,0,-4.089336874103882,0,-4.231020423836834
one,107,1,abnormal_scenario,0,-1.8820331931285328,0,-1.144907970356198,0,-0.43973589700089566
one,108,1,abnormal_scenario,0,-2.179247377805918,0,-2.209534473743964,0,-1.8031386682760076
one,109,1,abnormal_scenario,0,-2.704467074709611,0,-3.4107196089851497,0,-3.084943924442869
one,110,1,abnormal_scenario,0,-2.604338289774314,0,-3.3488462625491078,0,-3.4302700132138724
one,111,1,abnormal_scenario,0,-2.4776955852136036,0,-3.1066134772740677,0,-3.0155526166200706
one,112,1,abnormal_scenario,0,-2.499416552410895,0,-1.177300788912459,0,-1.7842908333516827
one,113,1,abnormal_scenario,0,-2.773165391855084,0,-1.9548926996555955,0,-2.0510691783280532
one,114,1,abnormal_scenario,0,-3.436514660736007,0,-3.7091858377767766,0,-4.899230333564425
one,115,1,abnormal_scenario,0,-2.3817639837694555,0,-1.4989398271987424,0,-1.379618444986363
one,116,1,abnormal_scenario,0,-3.4300856454204567,0,-3.5299026075541615,0,-4.701032036414382
one,117,1,abnormal_scenario,0,-3.2798050037297592,0,-4.012978913733848,0,-3.9806866787735817
one,118,1,abnormal_scenario,0,-2.2645492822092192,0,-1.2301542146463615,0,-1.9488197372544724
one,119,1,abnormal_scenario,0,-3.19419050753711,0,-4.03327049099305,0,-5.086568924191551
one,120,1,abnormal_scenario,0,-2.224597838666085,0,-2.366383009001667,0,-2.0022326482329604
one,121,1,abnormal_scenario,0,-2.407648227894871,0,-2.6211291548200175,0,-3.1364660625339553
one,122,1,abnormal_scenario,1,206.0307196960789,1,1.8271068961119712,1,2.633072959776491
one,123,1,abnormal_scenario,1,313.65259570664824,1,0.06452547461421354,1,2.633072959776491
one,124,1,abnormal_scenario,1,343.4762266975193,0,0.09726073531133736,1,2.633072959776491
one,125,1,abnormal_scenario,1,380.92933891360167,1,1.2907085450595264,1,2.633072959776491
one,126,1,abnormal_scenario,1,370.88209912151945,0,-0.22956664508354127,1,2.633072959776491
one,127,1,abnormal_scenario,1,362.99804721492836,0,0.026349403504374043,1,2.633072959776491
one,128,1,abnormal_scenario,1,355.3630767673984,0,-0.8842407502583316,1,2.633072959776491
one,129,1,abnormal_scenario,1,359.43525790207985,0,0.0053621359087059894,1,2.633072959776491
one,130,1,abnormal_scenario,1,359.70826627491726,0,-0.5396708640654321,1,2.633072959776491
one,131,1,abnormal_scenario,1,357.1946079621227,0,0.06357183511476969,1,2.633072959776491
one,132,1,abnormal_scenario,1,367.7643358576538,0,-0.012085835598692425,1,2.633072959776491
one,133,1,abnormal_scenario,1,380.8803398535942,0,-0.26023656708704224,1,2.633072959776491
one,134,1,abnormal_scenario,1,384.26228146967713,1,0.3471707731962411,1,2.633072959776491
one,135,1,abnormal_scenario,1,388.2246604827003,0,-0.12382819825827088,1,2.633072959776491
one,136,1,abnormal_scenario,1,399.12008724359464,0,-1.3503676479505038,1,2.633072959776491
one,137,1,abnormal_scenario,1,391.39408950048585,0,-0.962527963360855,1,2.633072959776491
one,138,1,abnormal_scenario,1,399.5516334552578,0,-0.5224216808077198,1,2.633072959776491
one,139,1,abnormal_scenario,1,405.28520748361973,0,-0.718863197496588,1,2.633072959776491
one,140,1,abnormal_scenario,1,411.1856751639628,1,0.4523827659126556,1,2.633072959776491
one,141,1,abnormal_scenario,1,397.7960660217544,0,-1.1020321785544576,1,2.633072959776491
one,142,1,abnormal_scenario,1,403.5894220461677,1,0.23274998798395863,1,2.633072959776491
one,143,1,abnormal_scenario,1,544.7556921180733,1,2.2396967202294418,1,2.633072959776491
one,144,1,abnormal_scenario,1,643.0148521719424,1,1.320276397464771,1,2.633072959776491
one,145,1,abnormal_scenario,1,726.9677172455309,1,1.176041318047841,1,2.633072959776491
one,146,1,abnormal_scenario,1,812.4411729913062,1,0.6762696758005808,1,2.633072959776491
one,147,1,abnormal_scenario,1,856.1706544083776,0,-0.6012314181686298,1,2.633072959776491
one,148,1,abnormal_scenario,1,860.7339458852814,0,-1.0361077629337072,1,2.633072959776491
one,149,1,abnormal_scenario,1,842.7726948852845,0,-0.20159167602249825,1,2.633072959776491
one,150,1,abnormal_scenario,1,852.332685330023,0,-0.0833455910156631,1,2.633072959776491
one,151,1,abnormal_scenario,1,866.8117500589943,0,-0.9129201408749452,1,2.633072959776491
one,152,1,abnormal_scenario,1,865.4868867307928,0,-0.7126643125552437,1,2.633072959776491
one,153,1,abnormal_scenario,1,861.4987399790552,1,0.465298970093564,1,2.633072959776491
one,154,1,abnormal_scenario,1,874.5523036488346,1,0.7327365092758764,1,2.633072959776491
one,155,1,abnormal_scenario,1,888.199421790406,1,1.0406015493624488,1,2.633072959776491
one,156,1,abnormal_scenario,1,873.527209286975,1,0.7364635202562424,1,2.633072959776491
one,157,1,abnormal_scenario,1,870.0442908903024,1,0.25895693989987373,1,2.633072959776491
one,158,1,abnormal_scenario,1,855.793113959057,0,-1.3727023961429945,1,2.633072959776491
one,159,1,abnormal_scenario,1,838.463371441156,0,-0.23863360035047518,1,2.633072959776491
one,160,1,abnormal_scenario,1,825.1585071472831,0,-0.28143671918043944,1,2.633072959776491
one,161,1,abnormal_scenario,1,829.9955905089153,0,-0.7716127615368782,1,2.633072959776491
one,162,1,abnormal_scenario,1,833.3175152583112,0,-0.45386360495496886,1,2.633072959776491
one,163,1,abnormal_scenario,1,826.1355887338243,1,0.06489146617792531,1,2.633072959776491
one,164,1,abnormal_scenario,1,1010.7605520673961,1,2.9454397093684053,1,2.633072959776491
one,165,1,abnormal_scenario,1,1186.9297396605755,1,1.1376502733642073,1,2.633072959776491
one,166,1,abnormal_scenario,1,1340.6337070957004,1,1.5146670552251216,1,2.633072959776491
one,167,1,abnormal_scenario,1,1449.9095720865732,1,0.8509191495734889,1,2.633072959776491
one,168,1,abnormal_scenario,1,1515.465481725023,0,-0.5726058034051649,1,2.633072959776491
one,169,1,abnormal_scenario,1,1549.1760133631797,0,-1.2499254115035654,1,2.633072959776491
one,170,1,abnormal_scenario,1,1564.89871183252,1,0.8967421468147563,1,2.633072959776491
one,171,1,abnormal_scenario,1,1547.1384280970506,1,0.9213512006248947,1,2.633072959776491
two,1,1,abnormal_scenario,1,1.5594813706146615,1,0.8352229933120016,1,1.1144324757789292
two,2,1,abnormal_scenario,0,-0.11007820093409304,0,0.17911491756178524,1,0.3790880493925776
two,3,1,abnormal_scenario,0,-0.3446828520257883,0,-0.3328884876733521,0,-0.29396363233787604
two,4,1,abnormal_scenario,0,-1.912436198640779,0,-1.8541812278005119,0,-0.6713911397803407
two,5,1,abnormal_scenario,0,-2.2824189839729208,0,-2.121767408692187,0,-1.595153028333507
two,6,1,abnormal_scenario,0,-1.6417201905195036,0,-0.7653951867679576,0,-0.511055165647745
two,7,1,abnormal_scenario,0,-1.5047941846873807,0,-0.963632023542789,0,-0.5728547288048074
two,8,1,abnormal_scenario,0,-1.4135960869799455,0,-1.4638191327552506,0,-0.7274764476867468
two,9,1,abnormal_scenario,0,-1.1734316536625662,0,-1.214235689393754,0,-0.45399714178914097
two,10,1,abnormal_scenario,0,-1.2060300873148566,0,-1.3120415164475427,0,-0.3425323408069982
two,11,1,abnormal_scenario,0,-1.4150287587469927,0,-1.6662365480572943,0,-1.0488127207504698
two,12,1,abnormal_scenario,0,-2.307256333954175,0,-2.1462476409119633,0,-2.215649216082239
two,13,1,abnormal_scenario,0,-2.6894406879316364,0,-2.853811539514597,0,-2.684911955664439
two,14,1,abnormal_scenario,0,-2.6329566394634485,0,-1.7239964946272317,0,-1.156680514223089
two,15,1,abnormal_scenario,0,-2.965125159938136,0,-2.173378565413087,0,-2.4842877986206586
two,16,1,abnormal_scenario,0,-2.1700514447698414,0,-0.051631166684325824,0,-0.10075291047007912
two,17,1,abnormal_scenario,0,-1.7683605149961577,0,-0.47452203435223844,0,-1.0431537514032039
two,18,1,abnormal_scenario,0,0.07129506062789703,1,0.3889358901818397,0,0.4224136928284829
two,19,1,abnormal_scenario,0,-1.540150652543371,0,-1.413794514440871,0,-1.8778696969160977
two,20,1,abnormal_scenario,0,-2.3936586426627056,0,-1.6028186979096382,0,-2.2489035533132946
two,21,1,abnormal_scenario,0,-2.4931686886257016,0,-2.195764504033371,0,-2.2591026023649117
two,22,1,abnormal_scenario,0,-0.315555940101682,0,-0.02276017942933692,0,0.20875398592050703
two,23,1,abnormal_scenario,0,-2.4427908915950463,0,-1.3749861396655594,0,-1.753873401478171
two,24,1,abnormal_scenario,0,-2.866069037625941,0,-1.7140671696346526,0,-2.064755860309998
two,25,1,abnormal_scenario,0,-2.699068360421588,0,-1.324597268566878,0,-1.7645163181283468
two,26,1,abnormal_scenario,0,-2.744435443155635,0,-2.0787378431741717,0,-2.1887873494488606
two,27,1,abnormal_scenario,0,-3.1462450056234137,0,-2.5024394527681775,0,-3.489917260448965
two,28,1,abnormal_scenario,0,-2.6160761612159664,0,-2.3760174385075428,0,-2.34430429979378
two,29,1,abnormal_scenario,0,-3.174263842782926,0,-2.677128068354519,0,-2.5542172220436665
two,30,1,abnormal_scenario,0,-2.930764934887975,0,-2.441033498913375,0,-2.0676456880428424
two,31,1,abnormal_scenario,0,-3.148700589037057,0,-2.885422640827742,0,-2.452731436429887
two,32,1,abnormal_scenario,0,-3.1483052741575595,0,-2.0947052536826605,0,-1.5842621926194709
two,33,1,abnormal_scenario,0,-2.6954441090057246,0,-2.025725417404246,0,-1.7600868852573537
two,34,1,abnormal_scenario,0,-3.3176568941334152,0,-2.507748013570824,0,-3.0103811579409405
two,35,1,abnormal_scenario,0,-3.887606727326956,0,-3.7422990468798654,0,-4.543471844800791
two,36,1,abnormal_scenario,0,-3.925240366517195,0,-3.461157794865051,0,-4.596014177936411
two,37,1,abnormal_scenario,0,-4.203198084285917,0,-3.354813610742892,0,-4.293811649986472
two,38,1,abnormal_scenario,0,-3.573507870764174,0,-2.4195899849077627,0,-3.5603903318003844
two,39,1,abnormal_scenario,0,-3.493919936529104,0,-2.6708132897753774,0,-3.20714779576612
two,40,1,abnormal_scenario,0,-3.3433727561928412,0,-1.9083704146480183,0,-2.0083403568108666
two,41,1,abnormal_scenario,0,-3.277772936695376,0,-1.4448344658179153,0,-2.1363574660776252
two,42,1,abnormal_scenario,0,-3.471825789295052,0,-2.7475923893944727,0,-2.651956581138011
two,43,1,abnormal_scenario,0,-3.444643756898726,0,-2.1414459197946765,0,-2.6109915076625296
two,44,1,abnormal_scenario,0,-4.132477927538844,0,-4.460227332540503,0,-5.15831701427075
two,45,1,abnormal_scenario,0,-4.030097011551957,0,-3.538781169253302,0,-3.9416670544287307
two,46,1,abnormal_scenario,0,-3.633446141183464,0,-2.7074819962839785,0,-3.9025699778657206
two,47,1,abnormal_scenario,0,-3.670133290598889,0,-2.676446906491683,0,-4.187895514666995
two,48,1,abnormal_scenario,0,-3.678575224555087,0,-3.37092188688377,0,-3.926954552489768
two,49,1,abnormal_scenario,0,-3.5852797730460573,0,-1.7603772275723673,0,-2.5135116750980306
two,50,1,abnormal_scenario,0,-3.637104112705525,0,-2.77691833205152,0,-4.315843273542429
two,51,1,abnormal_scenario,0,-4.020011835738873,0,-3.5587176659964177,0,-4.860479161197782
two,52,1,abnormal_scenario,0,-3.599472700211952,0,-2.2021738187288844,0,-3.057293530408457
two,53,1,abnormal_scenario,0,-3.349050311331016,0,-1.5696730139976118,0,-2.9272437294738736
two,54,1,abnormal_scenario,0,-3.687418945613698,0,-3.1814772935399604,0,-4.059728017034953
two,55,1,abnormal_scenario,0,-3.6263443980655192,0,-1.7154789559396955,0,-3.535653741303981
two,56,1,abnormal_scenario,0,-3.479432178976319,0,-2.289653500252284,0,-2.6609532211826448
two,57,1,abnormal_scenario,0,-3.6220823925962855,0,-2.2885146719884126,0,-2.78221736793016
two,58,1,abnormal_scenario,0,-3.0817348921147563,0,-1.5577887581223977,0,-2.3210258470219927
two,59,1,abnormal_scenario,0,-3.4154826026026974,0,-2.198649519155914,0,-3.3411721888253756
two,60,1,abnormal_scenario,0,-3.6015106662312184,0,-2.5964111010121225,0,-3.2866686634737237
two,61,1,abnormal_scenario,0,-3.6745160950781948,0,-2.9473448600137946,0,-2.532344308210593
two,62,1,abnormal_scenario,0,-3.6008168665426625,0,-2.384768594474317,0,-2.8736470913633814
two,63,1,abnormal_scenario,0,-3.629952813533958,0,-2.603066230261489,0,-3.4848654405593913
two,64,1,abnormal_scenario,0,-3.3802245506086703,0,-1.5794301566999747,0,-2.520186876259448
two,65,1,abnormal_scenario,0,-3.4712703129788904,0,-2.650941637613516,0,-2.6631738658918476
two,66,1,abnormal_scenario,0,-3.671764049296114,0,-2.7165420931201822,0,-4.317332225264208
two,67,1,abnormal_scenario,0,-3.6299371172002592,0,-2.910399155317216,0,-3.796712725368224
two,68,1,abnormal_scenario,0,-3.6367793131393644,0,-2.9198160676313494,0,-4.028270053253085
two,69,1,abnormal_scenario,0,-3.624905542154706,0,-2.7855483372728855,0,-3.4864236252870904
two,70,1,abnormal_scenario,0,-3.42333901442975,0,-2.9510485522446865,0,-3.374238016647879
two,71,1,abnormal_scenario,0,-3.6428861483870794,0,-2.3711812987809013,0,-3.7953942790662536
two,72,1,abnormal_scenario,0,-3.634086213429539,0,-2.8745522338630822,0,-3.6294292403806607
two,73,1,abnormal_scenario,0,-3.6519345023471566,0,-3.5299006568800655,0,-4.619079770682711
two,74,1,abnormal_scenario,0,-3.5940296972856594,0,-2.8374514521786462,0,-2.342697780928215
two,75,1,abnormal_scenario,0,-3.6313172719283573,0,-2.4666698824130195,0,-2.6956367120937337
two,76,1,abnormal_scenario,0,-3.5126269221256683,0,-1.88019150402617,0,-2.2273437228523223
two,77,1,abnormal_scenario,0,-2.7962979819079146,0,-2.0086272299490333,0,-1.9874813193388658
two,78,1,abnormal_scenario,0,-3.3377174930531495,0,-2.3827495070554114,0,-2.3809256764778803
two,79,1,abnormal_scenario,0,-3.6014259579511623,0,-2.1267970292917284,0,-3.1003911747412394
two,80,1,abnormal_scenario,0,-3.59287795306118,0,-2.59242804641163,0,-2.8767031794944833
two,81,1,abnormal_scenario,0,-3.6064691752623177,0,-2.47574561257274,0,-3.2737291220993385
two,82,1,abnormal_scenario,0,-3.655524908627256,0,-3.2275136314404858,0,-4.309406945606887
two,83,1,abnormal_scenario,0,-3.0971362762505397,0,-1.4991053580949212,0,-1.2134504846368435
two,84,1,abnormal_scenario,0,-3.578088743808958,0,-2.0772387547577624,0,-2.619286724006577
two,85,1,abnormal_scenario,0,-3.5522039096656237,0,-1.8036344951359973,0,-2.2017087480730155
two,86,1,abnormal_scenario,0,-2.4495311791570167,0,-1.2071086143896887,0,-0.6259734649550704
two,87,1,abnormal_scenario,0,-3.164368629186889,0,-2.4944233207111175,0,-1.1845190366463578
two,88,1,abnormal_scenario,0,-2.868945705051615,0,-2.2168729422025724,0,-0.9416897935998583
two,89,1,abnormal_scenario,0,-2.8244945188386072,0,-2.336623166512382,0,-1.539938234012077
two,90,1,abnormal_scenario,0,-3.586054087490224,0,-3.429911322732135,0,-2.9321983113644308
two,91,1,abnormal_scenario,0,-3.0558505701991763,0,-2.5918744745150946,0,-1.8886303366469175
two,92,1,abnormal_scenario,0,-3.383837614769323,0,-2.123917289868598,0,-2.452170806809379
two,93,1,abnormal_scenario,0,-1.9510861292432957,0,-0.48393804107816746,0,-0.4209210735074569
two,94,1,abnormal_scenario,0,2.7907765922681063,0,-0.3216248736488541,1,1.8758241918170162
two,95,1,abnormal_scenario,1,7.988944612116573,0,-0.4477552050477838,1,2.48535482281805
two,96,1,abnormal_scenario,1,15.928610275697247,0,-0.3600025644907555,1,2.625358456392455
two,97,1,abnormal_scenario,1,20.05605158078042,0,-1.648591099087348,1,2.6319442800420485
two,98,1,abnormal_scenario,1,24.726318028813452,0,-0.5913668929251134,1,2.6328421713670775
two,99,1,abnormal_scenario,1,24.903882555152705,0,-0.42990208294146637,1,2.6326670120327402
two,100,1,abnormal_scenario,1,23.428104146955118,0,-0.6520353361801448,1,2.6323701234345265
two,101,1,abnormal_scenario,1,21.84614443301768,0,-0.21331241995563022,1,2.6322027110898993
two,102,1,abnormal_scenario,1,51.27017887408782,1,5.504095948365249,1,2.6330724409362283
two,103,1,abnormal_scenario,1,86.88609131842996,1,3.413149707566367,1,2.6330729597753795
two,104,1,abnormal_scenario,1,171.27311934493477,1,3.1518098020608822,1,2.633072959776491
two,105,1,abnormal_scenario,1,293.7309573257425,1,2.0180277727782654,1,2.633072959776491
two,106,1,abnormal_scenario,1,570.7206047177222,0,-0.2859629257329457,1,2.633072959776491
two,107,1,abnormal_scenario,1,882.2557740568689,1,0.3713268165110756,1,2.633072959776491
two,108,1,abnormal_scenario,1,1370.7885976557845,0,-0.3992287215221265,1,2.633072959776491
two,109,1,abnormal_scenario,1,1967.8016583036167,0,-0.3006214780169397,1,2.633072959776491
two,110,1,abnormal_scenario,1,2613.5297382201516,0,-1.2869492596388452,1,2.633072959776491
two,111,1,abnormal_scenario,1,3464.582897709933,1,0.9287519164051619,1,2.633072959776491
two,112,1,abnormal_scenario,1,4411.272562091073,0,-0.08410437799375864,1,2.633072959776491
two,113,1,abnormal_scenario,1,5545.485278254584,0,-0.5672301196261056,1,2.633072959776491
two,114,1,abnormal_scenario,1,6603.56489150539,1,0.40676343781127555,1,2.633072959776491
two,115,1,abnormal_scenario,1,7672.818341103735,1,0.14479359241136752,1,2.633072959776491
two,116,1,abnormal_scenario,1,8928.54511570062,0,-0.992833445516841,1,2.633072959776491
two,117,1,abnormal_scenario,1,10343.495904128149,1,0.8462744452248658,1,2.633072959776491
two,118,1,abnormal_scenario,1,11746.313971460955,1,0.5078192770311267,1,2.633072959776491
two,119,1,abnormal_scenario,1,13122.334331230486,1,0.6221225233466088,1,2.633072959776491
two,120,1,abnormal_scenario,1,14490.218841581922,1,0.3346171906776273,1,2.633072959776491
two,121,1,abnormal_scenario,1,15773.347205270482,0,-0.8496162147972494,1,2.633072959776491
two,122,1,abnormal_scenario,1,16563.23616200508,1,4.693573778057704,1,2.633072959776491
two,123,1,abnormal_scenario,1,17805.729522297213,1,3.101512175849793,1,2.633072959776491
two,124,1,abnormal_scenario,1,19162.820260644585,1,2.5736711475240606,1,2.633072959776491
two,125,1,abnormal_scenario,1,20666.948883466543,1,2.27178680151469,1,2.633072959776491
two,126,1,abnormal_scenario,1,22447.32992105709,1,0.8800553977524215,1,2.633072959776491
two,127,1,abnormal_scenario,1,23546.7535745965,1,0.5582196754621407,1,2.633072959776491
two,128,1,abnormal_scenario,1,24511.42499017385,1,0.8759882613356329,1,2.633072959776491
two,129,1,abnormal_scenario,1,25362.781170786548,1,0.987233202433993,1,2.633072959776491
two,130,1,abnormal_scenario,1,26130.103696548216,1,0.2794982862581623,1,2.633072959776491
two,131,1,abnormal_scenario,1,26794.270141432928,1,0.3783759154980011,1,2.633072959776491
two,132,1,abnormal_scenario,1,27448.590071836326,1,1.3518459330902814,1,2.633072959776491
two,133,1,abnormal_scenario,1,27968.11793674025,1,1.754465915484002,1,2.633072959776491
two,134,1,abnormal_scenario,1,28249.291173701524,1,2.7809358985021415,1,2.633072959776491
two,135,1,abnormal_scenario,1,28372.280855084515,1,2.3644906518783575,1,2.633072959776491
two,136,1,abnormal_scenario,1,28381.73646322025,1,1.4784883235425055,1,2.633072959776491
two,137,1,abnormal_scenario,1,28430.151277733996,1,2.1415419058834058,1,2.633072959776491
two,138,1,abnormal_scenario,1,28455.001615655994,1,0.6950486294000533,1,2.633072959776491
two,139,1,abnormal_scenario,1,28401.57213729846,1,0.1092019698872567,1,2.633072959776491
two,140,1,abnormal_scenario,1,28411.90856877852,1,1.2673732509659426,1,2.633072959776491
two,141,1,abnormal_scenario,1,28428.426567214374,1,0.6370077788820281,1,2.633072959776491
two,142,1,abnormal_scenario,1,28216.534582583925,1,0.15866277690770492,1,2.633072959776491
two,143,1,abnormal_scenario,1,27845.724057818436,1,3.2217367423045404,1,2.633072959776491
two,144,1,abnormal_scenario,1,27689.21905038831,1,1.395348509298311,1,2.633072959776491
two,145,1,abnormal_scenario,1,27631.47177242972,1,1.215127302249367,1,2.633072959776491
two,146,1,abnormal_scenario,1,27743.681268236734,1,1.5450375263940002,1,2.633072959776491
two,147,1,abnormal_scenario,1,28106.884964211968,1,0.8812234997106323,1,2.633072959776491
two,148,1,abnormal_scenario,1,27993.78695690162,1,0.25859716046698145,1,2.633072959776491
two,149,1,abnormal_scenario,1,28104.820069215006,1,0.6743607539092764,1,2.633072959776491
two,150,1,abnormal_scenario,1,28279.951418819517,1,0.6931222779048449,1,2.633072959776491
two,151,1,abnormal_scenario,1,28373.86865008319,1,0.3204006233120651,1,2.633072959776491
two,152,1,abnormal_scenario,1,28454.60127548992,1,1.075150661145056,1,2.633072959776491
two,153,1,abnormal_scenario,1,28436.49216398131,1,1.6907807021791696,1,2.633072959776491
two,154,1,abnormal_scenario,1,28511.134071265726,1,0.5407709549320802,1,2.633072959776491
two,155,1,abnormal_scenario,1,28512.684541277846,0,-0.2311302619736105,1,2.633072959776491
two,156,1,abnormal_scenario,1,28520.501859939417,1,0.5329130004856232,1,2.633072959776491
two,157,1,abnormal_scenario,1,28449.171751534654,1,0.37200345282657626,1,2.633072959776491
two,158,1,abnormal_scenario,1,28416.202036748044,1,0.6484581343538425,1,2.633072959776491
two,159,1,abnormal_scenario,1,28260.522154799048,1,0.4933752557521578,1,2.633072959776491
two,160,1,abnormal_scenario,1,28267.113158635293,1,0.7794675846343353,1,2.633072959776491
two,161,1,abnormal_scenario,1,28233.85295052812,1,0.1481290533061932,1,2.633072959776491
two,162,1,abnormal_scenario,1,28352.112998158926,1,0.8096174356684421,1,2.633072959776491
two,163,1,abnormal_scenario,1,28277.592117615965,1,0.7190313579652863,1,2.633072959776491
two,164,1,abnormal_scenario,1,28184.35006635538,1,2.636568278748827,1,2.633072959776491
two,165,1,abnormal_scenario,1,28155.936483622307,1,1.316069791559163,1,2.633072959776491
two,166,1,abnormal_scenario,1,28127.529108778417,1,2.763362474343179,1,2.633072959776491
two,167,1,abnormal_scenario,1,28350.959968996423,1,2.68253404271787,1,2.633072959776491
two,168,1,abnormal_scenario,1,28871.726753018367,1,0.5076604986684663,1,2.633072959776491
two,169,1,abnormal_scenario,1,28744.335169353937,1,1.8470381733453505,1,2.633072959776491
two,170,1,abnormal_scenario,1,28739.254739883458,1,0.8500856865350338,1,2.633072959776491
two,171,1,abnormal_scenario,1,28818.575770614523,1,0.2546323663466531,1,2.633072959776491
three,1,1,abnormal_scenario,1,1.0939238449852038,0,-0.49421740588318563,0,-0.4178413014877188
three,2,1,abnormal_scenario,0,-1.1501909561798724,0,-0.03180113107010524,0,-0.15727028236309343
three,3,1,abnormal_scenario,1,0.5849875225280368,1,1.5816120740688067,1,0.4464806388485894
three,4,1,abnormal_scenario,0,-0.3837889695364707,0,-0.6861637811498099,0,-0.40196383938528174
three,5,1,abnormal_scenario,0,-0.907402664793221,0,-1.0369527372993574,0,-1.0866751805566326
three,6,1,abnormal_scenario,0,-1.1801268568946945,0,-0.9454543764683101,0,-1.0534446077546367
three,7,1,abnormal_scenario,0,-1.4265568802908715,0,-0.7547368026618327,0,-1.0821135096660472
three,8,1,abnormal_scenario,0,-1.585464069882923,0,-0.8611527877455709,0,-0.6629096324256549
three,9,1,abnormal_scenario,0,0.08784077105088567,0,-0.9260370905918983,0,0.18463224891012436
three,10,1,abnormal_scenario,0,0.007956831890269467,0,-0.8844180109129516,0,-0.08955971692490872
three,11,1,abnormal_scenario,1,0.7838619507052524,0,-0.6294003203641739,1,0.38454698191247394
three,12,1,abnormal_scenario,1,1.1984896576384338,0,0.283075547066078,1,0.5988398394863468
three,13,1,abnormal_scenario,0,-0.7626929222001727,0,-1.49613634230601,0,-0.771360209264051
three,14,1,abnormal_scenario,0,-2.1653461441575477,0,-1.4803533308630983,0,-2.0472270592051993
three,15,1,abnormal_scenario,0,-2.736576618511648,0,-2.5050463464372124,0,-2.722571120824228
three,16,1,abnormal_scenario,0,-1.0567763196048083,0,-1.2968015268156923,0,0.08856486642562279
three,17,1,abnormal_scenario,0,-0.8739735628030758,0,-1.1305063460755331,0,-1.0585975452271625
three,18,1,abnormal_scenario,0,-1.2488037850732066,0,0.5353483026788025,0,0.031159898227523963
three,19,1,abnormal_scenario,1,1.8564763536362783,1,1.1509138332042388,1,1.4525429531267304
three,20,1,abnormal_scenario,0,0.5171701823555733,0,0.348614395637551,1,0.5534368193773845
three,21,1,abnormal_scenario,0,-1.3766958690027438,0,-1.2221018527054597,0,-0.8160041271485126
three,22,1,abnormal_scenario,0,-2.3162874436905274,0,-1.593704733171502,0,-1.376189945778965
three,23,1,abnormal_scenario,0,-2.659997076681976,0,-1.7294209689175286,0,-1.3906240910226466
three,24,1,abnormal_scenario,0,-3.1493841694697267,0,-2.398597724195754,0,-2.127271609925473
three,25,1,abnormal_scenario,0,-3.092095976970888,0,-2.5057447953237437,0,-2.626644022324874
three,26,1,abnormal_scenario,0,-3.624697440532061,0,-3.6148114566628657,0,-3.365088709247888
three,27,1,abnormal_scenario,0,-3.967075719833405,0,-3.983327788409011,0,-4.086418004427903
three,28,1,abnormal_scenario,0,-3.3116087630515185,0,-2.563397235559676,0,-3.2014519513704363
three,29,1,abnormal_scenario,0,-2.9715878084922935,0,-1.8369331661030932,0,-2.324208513302544
three,30,1,abnormal_scenario,0,-1.39266321668195,0,-0.9671771438417843,0,-0.3860667597128481
three,31,1,abnormal_scenario,0,-1.6199643143874094,0,-1.4337746538832024,0,-0.8857243462902032
three,32,1,abnormal_scenario,0,-2.2494126502981997,0,-2.0040186144805023,0,-1.96376598936281
three,33,1,abnormal_scenario,0,-2.5523177954224074,0,-1.9454215743864411,0,-2.183766728289849
three,34,1,abnormal_scenario,0,-2.031713403082492,0,-1.3732886153762844,0,-1.4906857663201607
three,35,1,abnormal_scenario,0,-2.8297987310513357,0,-2.469996918171232,0,-2.804545597170738
three,36,1,abnormal_scenario,0,-3.2138760401421864,0,-2.6842819378664045,0,-2.847831657372172
three,37,1,abnormal_scenario,0,-2.88426673945441,0,-1.5845070298051702,0,-1.714614662915374
three,38,1,abnormal_scenario,0,-3.17239182233378,0,-2.2472764630574775,0,-2.705343693435327
three,39,1,abnormal_scenario,0,-3.355141940925324,0,-2.1820939094545206,0,-2.7119543457369257
three,40,1,abnormal_scenario,0,-2.7571155076372316,0,-1.355326143375131,0,-1.6282757659574507
three,41,1,abnormal_scenario,0,-3.5014788396416754,0,-2.4609083066729576,0,-3.0417372582300843
three,42,1,abnormal_scenario,0,0.8708952620067165,0,0.5095551920704613,0,0.4258696437985957
three,43,1,abnormal_scenario,0,1.0272064641860397,0,0.09347420173510779,0,0.17451079015380033
three,44,1,abnormal_scenario,0,0.036937565884456625,0,-0.1892165420170775,0,-0.319085799763993
three,45,1,abnormal_scenario,0,-0.987017460374288,0,-1.963320908457309,0,-1.2333528145453816
three,46,1,abnormal_scenario,0,-1.8006701214096925,0,-1.7474676325478702,0,-2.138010896785719
three,47,1,abnormal_scenario,0,-3.8407094437674423,0,-3.1916144564610907,0,-4.063647170012166
three,48,1,abnormal_scenario,0,-3.8047865506200775,0,-3.0471635548254694,0,-4.132413756855453
three,49,1,abnormal_scenario,0,-3.203636128478792,0,-1.477128318280121,0,-2.067436588867113
three,50,1,abnormal_scenario,0,-3.5970132979835627,0,-2.369169646498551,0,-2.724658089346807
three,51,1,abnormal_scenario,0,-3.62841271552429,0,-2.677482230278045,0,-2.875184393233996
three,52,1,abnormal_scenario,0,-3.161074895677859,0,-1.1923744054139025,0,-2.4461146482154748
three,53,1,abnormal_scenario,0,-3.493559326305963,0,-2.344779462878875,0,-2.6542421915417433
three,54,1,abnormal_scenario,0,-3.659236335335101,0,-2.840278015521826,0,-4.100185350262873
three,55,1,abnormal_scenario,0,-3.6743097047391333,0,-2.8234222463648537,0,-3.9226894000866204
three,56,1,abnormal_scenario,0,-3.577424914003778,0,-1.9301424128776765,0,-2.2793313230764607
three,57,1,abnormal_scenario,0,-2.7765088318830893,0,-0.9198564145307471,0,-1.2308037886234566
three,58,1,abnormal_scenario,0,-2.045738237868003,0,-1.366990825975314,0,-0.4278404780637035
three,59,1,abnormal_scenario,0,-2.4504413949084576,0,-1.6947424071290387,0,-1.2868049967392945
three,60,1,abnormal_scenario,0,-3.017788228755137,0,-2.370665995663078,0,-2.5986731594421135
three,61,1,abnormal_scenario,0,-3.248714040676397,0,-1.2523307073631027,0,-2.1803169450588635
three,62,1,abnormal_scenario,0,-3.179215674163669,0,-0.8768591599634944,0,-1.0614533543678273
three,63,1,abnormal_scenario,0,-3.222924151389587,0,-1.5193774941775813,0,-2.5035943232590467
three,64,1,abnormal_scenario,0,-2.6727755958584787,0,-2.1871294131420926,0,-1.3607606771485272
three,65,1,abnormal_scenario,0,-2.952369973971302,0,-2.111235881188116,0,-2.294454963196197
three,66,1,abnormal_scenario,0,-3.5356541601757643,0,-2.082830751881941,0,-3.199489717582999
three,67,1,abnormal_scenario,0,-3.1282127850801618,0,-0.890377419123858,0,-1.4334873640680135
three,68,1,abnormal_scenario,0,-1.6679403828811015,0,-0.565270777152284,0,-0.25343016498464377
three,69,1,abnormal_scenario,0,-2.894381646939112,0,-1.8291212358538471,0,-2.487314377009916
three,70,1,abnormal_scenario,0,-1.8999011150900043,0,-0.14179807101722763,0,-0.8694821079514636
three,71,1,abnormal_scenario,0,-2.0252704775512025,0,-0.4650186376326896,0,-1.5300039813458692
three,72,1,abnormal_scenario,0,-3.1926107788259217,0,-1.9350934242571778,0,-2.126931851338786
three,73,1,abnormal_scenario,0,-3.5921701798247723,0,-2.361396317522587,0,-3.5912474361798794
three,74,1,abnormal_scenario,0,-3.619859576143153,0,-2.144082782072227,0,-2.7787358656013095
three,75,1,abnormal_scenario,0,-3.1015664878655933,0,-0.554328434841015,0,-1.1100141552852345
three,76,1,abnormal_scenario,0,-2.0247688413180187,0,-1.4057453345535709,0,-1.4932602761238052
three,77,1,abnormal_scenario,0,-2.88479675498671,0,-1.9394997199145956,0,-2.6656017939427175
three,78,1,abnormal_scenario,0,-2.829189642338486,0,-2.0419809897006456,0,-2.0379171048293085
three,79,1,abnormal_scenario,0,-3.4460370378491616,0,-2.487356206426888,0,-3.4204740002836944
three,80,1,abnormal_scenario,0,-2.5665556444767463,0,-2.289503350318066,0,-1.6190762862343497
three,81,1,abnormal_scenario,0,-2.433441685101079,0,-1.884485525822091,0,-1.3954585085034492
three,82,1,abnormal_scenario,0,-3.256214252222147,0,-3.10636498518579,0,-3.5807677695250986
three,83,1,abnormal_scenario,0,-3.5849171813587946,0,-2.6947894266579215,0,-4.265218568043567
three,84,1,abnormal_scenario,0,-2.5446900900373843,0,-0.8921376073204803,0,-0.5480720364351198
three,85,1,abnormal_scenario,0,-2.713996276507519,0,-1.1357004984117076,0,-1.4763386961440819
three,86,1,abnormal_scenario,0,-3.174857429926969,0,-1.7137455287236534,0,-1.6536672260799583
three,87,1,abnormal_scenario,0,-2.372328776387733,0,-1.449515013186896,0,-0.394020490782492
three,88,1,abnormal_scenario,0,-1.5859613852937504,0,-2.719426967309121,0,0.005346188840138488
three,89,1,abnormal_scenario,0,-2.0996976562235172,0,-2.027083381475567,0,-0.6232656331079671
three,90,1,abnormal_scenario,0,-0.28822525002353117,0,-1.5120615590574022,0,-0.0176932925240465
three,91,1,abnormal_scenario,0,-0.2740299727925517,0,-0.5692752066623841,0,0.05220064059470364
three,92,1,abnormal_scenario,1,4.477734697409355,0,-0.5510690652022068,1,1.9949891724928759
three,93,1,abnormal_scenario,1,4.32931606752562,0,-1.1712172490163018,1,1.5420863977594297
three,94,1,abnormal_scenario,0,3.5013912577436446,0,-0.5314571188215229,1,1.8365835502287444
three,95,1,abnormal_scenario,1,9.24710770118444,0,0.08148212207822153,1,2.566538829063845
three,96,1,abnormal_scenario,1,11.53791011494928,0,-0.16830310460848766,1,2.613135193314679
three,97,1,abnormal_scenario,1,16.390161966414233,0,-0.7371540431786041,1,2.630709438769176
three,98,1,abnormal_scenario,1,18.278086042785908,0,0.13147366240191122,1,2.6309701067657607
three,99,1,abnormal_scenario,1,20.178741436810668,0,-1.2347239912618857,1,2.630031786493582
three,100,1,abnormal_scenario,1,17.522604339517333,0,-0.7704824653299522,1,2.6232430013060406
three,101,1,abnormal_scenario,1,15.907001325152134,0,-1.8025904583558645,1,2.6043463661356854
three,102,1,abnormal_scenario,1,35.973490306546665,1,4.821346648660534,1,2.6328347814631643
three,103,1,abnormal_scenario,1,65.31969535126379,1,2.1132688591209985,1,2.6330729574308305
three,104,1,abnormal_scenario,1,165.90102498183404,1,2.728564146409662,1,2.633072959776491
three,105,1,abnormal_scenario,1,348.0633515817539,1,1.8853765688528756,1,2.633072959776491
three,106,1,abnormal_scenario,1,661.8750785380387,0,-1.76855739903913,1,2.633072959776491
three,107,1,abnormal_scenario,1,965.6891355340074,0,-0.9625978074914514,1,2.633072959776491
three,108,1,abnormal_scenario,1,1459.5683884894968,1,0.2762769013417553,1,2.633072959776491
three,109,1,abnormal_scenario,1,1930.6696902155254,0,-0.6837749102818418,1,2.633072959776491
three,110,1,abnormal_scenario,1,2655.0039841546477,1,0.6002825558441194,1,2.633072959776491
three,111,1,abnormal_scenario,1,3526.7644413569406,0,-0.5211629049648913,1,2.633072959776491
three,112,1,abnormal_scenario,1,4324.217095183186,1,0.9867537687217403,1,2.633072959776491
three,113,1,abnormal_scenario,1,5239.307204639661,0,-0.20344165215794746,1,2.633072959776491
three,114,1,abnormal_scenario,1,6208.458353861544,0,-1.1058885678846804,1,2.633072959776491
three,115,1,abnormal_scenario,1,7296.727331361035,0,-0.48295579150797796,1,2.633072959776491
three,116,1,abnormal_scenario,1,8519.497233807408,0,-0.7863624370704185,1,2.633072959776491
three,117,1,abnormal_scenario,1,9861.05855127818,0,-0.22914952951380935,1,2.633072959776491
three,118,1,abnormal_scenario,1,11169.378221092946,0,-0.6719643596860159,1,2.633072959776491
three,119,1,abnormal_scenario,1,12553.73034072596,0,-1.1202456284638347,1,2.633072959776491
three,120,1,abnormal_scenario,1,13963.393020939318,0,-0.5115829403177209,1,2.633072959776491
three,121,1,abnormal_scenario,1,15374.841804335916,1,0.2886084538089466,1,2.633072959776491
three,122,1,abnormal_scenario,1,16640.484563167305,1,4.766384925659558,1,2.633072959776491
three,123,1,abnormal_scenario,1,18183.109903631284,1,3.275959848701927,1,2.633072959776491
three,124,1,abnormal_scenario,1,20034.502661886567,1,2.2389026802414915,1,2.633072959776491
three,125,1,abnormal_scenario,1,22280.250018844836,1,2.6902018395161216,1,2.633072959776491
three,126,1,abnormal_scenario,1,24742.878814208223,1,1.5517415832681856,1,2.633072959776491
three,127,1,abnormal_scenario,1,26680.97470780115,1,0.8734004317258894,1,2.633072959776491
three,128,1,abnormal_scenario,1,29043.448144516195,1,0.5677079171853927,1,2.633072959776491
three,129,1,abnormal_scenario,1,31311.052775467128,1,1.3491597501179873,1,2.633072959776491
three,130,1,abnormal_scenario,1,33588.572616736856,1,0.691188092656344,1,2.633072959776491
three,131,1,abnormal_scenario,1,36203.94775109041,1,0.7104153852378335,1,2.633072959776491
three,132,1,abnormal_scenario,1,38880.497788226545,1,1.6445360406568095,1,2.633072959776491
three,133,1,abnormal_scenario,1,41733.75706864315,1,0.42221871314015524,1,2.633072959776491
three,134,1,abnormal_scenario,1,44856.35936853053,1,1.829256496146539,1,2.633072959776491
three,135,1,abnormal_scenario,1,47780.879518291236,1,1.384806369332361,1,2.633072959776491
three,136,1,abnormal_scenario,1,51074.946719789004,1,1.9461694429609033,1,2.633072959776491
three,137,1,abnormal_scenario,1,54172.69416608717,1,2.831029291679493,1,2.633072959776491
three,138,1,abnormal_scenario,1,57299.25084868488,1,1.9622208809911617,1,2.633072959776491
three,139,1,abnormal_scenario,1,60331.731475867215,1,2.5693624996770774,1,2.633072959776491
three,140,1,abnormal_scenario,1,63305.987977222714,1,2.1901047093140606,1,2.633072959776491
three,141,1,abnormal_scenario,1,66402.01678354383,1,2.215385033690426,1,2.633072959776491
three,142,1,abnormal_scenario,1,69066.37993763226,1,1.505170166888641,1,2.633072959776491
three,143,1,abnormal_scenario,1,71473.40105099183,1,3.7596207693677557,1,2.633072959776491
three,144,1,abnormal_scenario,1,73900.01367467028,1,1.5011451273807155,1,2.633072959776491
three,145,1,abnormal_scenario,1,76910.71198694462,1,2.4451471172264685,1,2.633072959776491
three,146,1,abnormal_scenario,1,79542.06848683789,1,3.2485701044619457,1,2.633072959776491
three,147,1,abnormal_scenario,1,82129.4417612342,1,1.6419324705848628,1,2.633072959776491
three,148,1,abnormal_scenario,1,84106.71615733858,1,2.929047836881754,1,2.633072959776491
three,149,1,abnormal_scenario,1,85626.01941093153,1,2.0998331274925635,1,2.633072959776491
three,150,1,abnormal_scenario,1,87322.18509921142,1,1.0463039537368182,1,2.633072959776491
three,151,1,abnormal_scenario,1,88729.08173696396,1,1.7289598986107735,1,2.633072959776491
three,152,1,abnormal_scenario,1,89504.79745066178,1,1.550924943668335,1,2.633072959776491
three,153,1,abnormal_scenario,1,90336.18074941757,1,2.3106119040402104,1,2.633072959776491
three,154,1,abnormal_scenario,1,90992.5428403753,1,2.3757392074448678,1,2.633072959776491
three,155,1,abnormal_scenario,1,90968.09297547763,1,0.8699490272921466,1,2.633072959776491
three,156,1,abnormal_scenario,1,90952.37301387591,1,0.35939994821516036,1,2.633072959776491
three,157,1,abnormal_scenario,1,91144.78683120795,0,0.11427501419583448,1,2.633072959776491
three,158,1,abnormal_scenario,1,90749.26277381793,1,1.0699532727598378,1,2.633072959776491
three,159,1,abnormal_scenario,1,90842.8674246447,1,1.1667382518107163,1,2.633072959776491
three,160,1,abnormal_scenario,1,90473.60900858109,1,2.118148400624706,1,2.633072959776491
three,161,1,abnormal_scenario,1,90505.85715410605,1,1.8368112710149642,1,2.633072959776491
three,162,1,abnormal_scenario,1,90374.69439062034,1,0.7671275951592951,1,2.633072959776491
three,163,1,abnormal_scenario,1,90182.90754944131,1,2.3578464172165803,1,2.633072959776491
three,164,1,abnormal_scenario,1,89410.8521476474,1,3.8728576146108296,1,2.633072959776491
three,165,1,abnormal_scenario,1,89328.71982000908,1,2.0538846622654647,1,2.633072959776491
three,166,1,abnormal_scenario,1,88965.15651843791,1,1.7544863795405607,1,2.633072959776491
three,167,1,abnormal_scenario,1,88911.15086797254,1,3.1445041810891063,1,2.633072959776491
three,168,1,abnormal_scenario,1,89415.00230815812,1,0.666748657477867,1,2.633072959776491
three,169,1,abnormal_scenario,1,89400.87218843208,1,1.04511480652639,1,2.633072959776491
three,170,1,abnormal_scenario,1,89407.63144474049,1,0.990564668976458,1,2.633072959776491
three,171,1,abnormal_scenario,1,90029.28369766586,1,2.3974888186426435,1,2.633072959776491
four,1,1,abnormal_scenario,1,4.681577245660521,1,0.7987298188522493,1,1.8029350069983947
four,2,1,abnormal_scenario,0,-0.3806223359248704,0,-0.780951894019663,1,0.13874254151389565
four,3,1,abnormal_scenario,0,-1.5580487691685658,0,-1.3326584652850748,0,-1.122272337703746
four,4,1,abnormal_scenario,0,-2.155143135637639,0,-1.7884978690200573,0,-1.9262315741671334
four,5,1,abnormal_scenario,0,-2.098763411246822,0,-2.3497023706082683,0,-2.379843659506279
four,6,1,abnormal_scenario,0,-2.116380016164183,0,-1.6703946550040885,0,-1.4525858485103715
four,7,1,abnormal_scenario,0,-2.312623804735897,0,-2.112403056506097,0,-2.058485846461847
four,8,1,abnormal_scenario,0,-2.6542313476909687,0,-2.5524904366140735,0,-2.579850015593167
four,9,1,abnormal_scenario,0,-2.7331770067187664,0,-2.9863164807951903,0,-2.986571994212542
four,10,1,abnormal_scenario,0,-2.405305893525971,0,-2.1617626753217754,0,-1.324752540564562
four,11,1,abnormal_scenario,0,-2.3510598082873195,0,-1.9930148140063997,0,-2.0072494142827626
four,12,1,abnormal_scenario,0,-2.2484508133604386,0,-1.8189802726726647,0,-2.018304457727134
four,13,1,abnormal_scenario,0,-2.502165521063832,0,-1.812378044192335,0,-1.5828189468204097
four,14,1,abnormal_scenario,0,-2.4723828961467555,0,-2.3121446408956245,0,-2.0141918636623717
four,15,1,abnormal_scenario,0,-2.2040735451317164,0,-1.3698735557592632,0,-1.5347010779388643
four,16,1,abnormal_scenario,0,-0.7592934018669247,0,-1.0406285911094315,0,-0.3383924535103825
four,17,1,abnormal_scenario,0,-1.983548017140554,0,-2.0088351925240637,0,-1.9920436063998668
four,18,1,abnormal_scenario,0,-2.7617064479794338,0,-2.2450938412911388,0,-2.7169881048570135
four,19,1,abnormal_scenario,0,-3.0741461361162363,0,-3.3766755927337857,0,-3.713464612392432
four,20,1,abnormal_scenario,0,-3.7631909723133417,0,-3.106856999664414,0,-3.823081759343257
four,21,1,abnormal_scenario,0,-3.1226265880762147,0,-2.3449151042990284,0,-3.0913441785426725
four,22,1,abnormal_scenario,0,-3.1686092575218545,0,-2.363408525931558,0,-2.373479529514329
four,23,1,abnormal_scenario,0,-3.327223578828842,0,-3.2257867800443725,0,-3.8521631937620793
four,24,1,abnormal_scenario,0,-3.161294633398448,0,-2.025506926272893,0,-3.1970454056936077
four,25,1,abnormal_scenario,0,-3.296990896048521,0,-2.3578832483405843,0,-3.4937941805568373
four,26,1,abnormal_scenario,0,-3.5792747314222346,0,-2.5298827599748925,0,-3.1796169856644445
four,27,1,abnormal_scenario,0,-3.3002777700300197,0,-2.47804586789096,0,-3.5247963174224215
four,28,1,abnormal_scenario,0,-1.9281170981427502,0,-0.4737532677239194,0,-0.10966287198993513
four,29,1,abnormal_scenario,0,-2.5204183691541786,0,-2.1042196031441285,0,-1.9255183345558093
four,30,1,abnormal_scenario,0,-2.558594424091222,0,-1.7121556024268991,0,-1.4593016836949677
four,31,1,abnormal_scenario,0,-2.772728239902127,0,-1.8273128603349194,0,-1.8328664721984365
four,32,1,abnormal_scenario,0,-3.2555703056093463,0,-2.120144653384102,0,-2.1771320794980307
four,33,1,abnormal_scenario,0,-3.353628621542188,0,-2.687576825822634,0,-3.370003538058735
four,34,1,abnormal_scenario,0,-3.610293152414016,0,-3.322121335176364,0,-3.5969965160636987
four,35,1,abnormal_scenario,0,-3.5178037238562117,0,-2.2998865875913768,0,-3.055535580248499
four,36,1,abnormal_scenario,0,-3.2708675085371923,0,-1.4932240784718385,0,-1.7215218952550173
four,37,1,abnormal_scenario,0,-3.2008307527459783,0,-2.4256724945142043,0,-2.2522292136847692
four,38,1,abnormal_scenario,0,-2.7048141021253382,0,-1.2277268224448938,0,-2.1778639389895114
four,39,1,abnormal_scenario,0,-3.2522754276700967,0,-2.1714855585176975,0,-2.924770465912576
four,40,1,abnormal_scenario,0,-3.522125013045021,0,-2.534791260000828,0,-3.3302789195392513
four,41,1,abnormal_scenario,0,-4.138925617426956,0,-3.4286855224046926,0,-4.22697472101433
four,42,1,abnormal_scenario,0,-3.4765122106909425,0,-2.6820214278391816,0,-3.0930492693899274
four,43,1,abnormal_scenario,0,-3.1138136400364687,0,-0.766804424713771,0,-1.1900946410402944
four,44,1,abnormal_scenario,0,-3.2023607660485243,0,-1.4830842428000075,0,-2.857753998402141
four,45,1,abnormal_scenario,0,-3.9147923821400896,0,-3.085683579220735,0,-4.286710587824137
four,46,1,abnormal_scenario,0,-3.0642150296575137,0,-1.0873739503040065,0,-1.3415267116340726
four,47,1,abnormal_scenario,0,-2.9038773914746194,0,-1.8558734451477932,0,-2.556722061037873
four,48,1,abnormal_scenario,0,-3.6314440410638578,0,-2.6411137964699662,0,-3.058405260883505
four,49,1,abnormal_scenario,0,-3.6763271422347232,0,-2.6848481472335086,0,-4.327464403453167
four,50,1,abnormal_scenario,0,-3.602965800892216,0,-1.9978438435343588,0,-3.5585688418077384
four,51,1,abnormal_scenario,0,-3.880202122332036,0,-3.8120294674080517,0,-3.960293298374487
four,52,1,abnormal_scenario,0,-4.012292081851648,0,-3.452537297763011,0,-5.282422702152445
four,53,1,abnormal_scenario,0,-3.7053394022012136,0,-2.526107710520635,0,-4.030006992783747
four,54,1,abnormal_scenario,0,-3.3364376184096205,0,-1.7415112672535211,0,-2.4896094085749425
four,55,1,abnormal_scenario,0,-3.190047861815021,0,-1.6393825912053095,0,-3.184239666437491
four,56,1,abnormal_scenario,0,-3.5626097359783846,0,-2.1043557093769873,0,-3.022075913501257
four,57,1,abnormal_scenario,0,-3.5562968737706457,0,-1.6698800795539377,0,-3.0348462731720467
four,58,1,abnormal_scenario,0,-3.6214263894421705,0,-2.1777012411736423,0,-3.2247064220887656
four,59,1,abnormal_scenario,0,-3.748180172083295,0,-2.837698213483681,0,-4.04055544716569
four,60,1,abnormal_scenario,0,-4.102040258744403,0,-3.512236728825123,0,-4.7052644717553465
four,61,1,abnormal_scenario,0,-3.7361425799701538,0,-3.219185451774942,0,-4.570574676418986
four,62,1,abnormal_scenario,0,-3.664940879663268,0,-2.8699228395763345,0,-3.78056387186622
four,63,1,abnormal_scenario,0,-3.61090940886024,0,-2.4096494855691546,0,-3.464069358218655
four,64,1,abnormal_scenario,0,-3.4343301869462475,0,-2.38394394245539,0,-2.8084855170254066
four,65,1,abnormal_scenario,0,-3.6385458486549918,0,-2.699174491475934,0,-3.5066651359334755
four,66,1,abnormal_scenario,0,-3.5377336636338197,0,-1.6495913959278246,0,-2.2773625564825872
four,67,1,abnormal_scenario,0,-3.590684575395329,0,-1.5556488975237532,0,-2.4252830867695407
four,68,1,abnormal_scenario,0,-3.5912814648283202,0,-2.549469430398534,0,-2.6438258049420624
four,69,1,abnormal_scenario,0,-3.1734198918962346,0,-1.7525290868001517,0,-2.208290270291295
four,70,1,abnormal_scenario,0,-3.6263379798334348,0,-3.1008020747409435,0,-3.783924113150272
four,71,1,abnormal_scenario,0,-3.6825340870422765,0,-3.8171641343426135,0,-4.953044197430962
four,72,1,abnormal_scenario,0,-3.6869092954911418,0,-3.0735579757551297,0,-4.785452059408667
four,73,1,abnormal_scenario,0,-3.625275862834049,0,-2.632769847702983,0,-4.262832290953962
four,74,1,abnormal_scenario,0,-3.6298549343581183,0,-2.7421096905740674,0,-4.048376772168444
four,75,1,abnormal_scenario,0,-3.5740321428955992,0,-2.1594339754622753,0,-3.2623573353937374
four,76,1,abnormal_scenario,0,-3.6725395998368606,0,-3.8004144924793914,0,-5.207734316485018
four,77,1,abnormal_scenario,0,-3.6022163316619906,0,-1.7263999961204624,0,-3.1396013997163883
four,78,1,abnormal_scenario,0,-3.595739970797001,0,-1.9662621931809983,0,-2.483719860008089
four,79,1,abnormal_scenario,0,-3.607970487607428,0,-2.1141382900970225,0,-2.658254509552622
four,80,1,abnormal_scenario,0,-3.608930146025756,0,-2.00349529898561,0,-2.987992316001528
four,81,1,abnormal_scenario,0,-3.580013988423542,0,-1.83922541671572,0,-3.221628169872505
four,82,1,abnormal_scenario,0,-3.468899602297763,0,-1.6998295521428188,0,-2.966768235352836
four,83,1,abnormal_scenario,0,-3.108140658908548,0,-1.3784860944075126,0,-2.869751419313179
four,84,1,abnormal_scenario,0,-2.4642984017676186,0,-0.8561036493011023,0,-1.528219768024091
four,85,1,abnormal_scenario,0,-2.011686210738715,0,-0.07753871402556792,0,-0.878849356786586
four,86,1,abnormal_scenario,0,-1.9636602736686612,0,-1.0991451872414182,0,-0.8226319680902286
four,87,1,abnormal_scenario,0,-0.5831231706372745,0,-0.9356401440461659,0,-0.41583366392686283
four,88,1,abnormal_scenario,0,-2.065968438069537,0,-2.192686022446292,0,-1.1971963775602834
four,89,1,abnormal_scenario,0,-3.064459406624593,0,-2.2636669284675905,0,-2.279118239110592
four,90,1,abnormal_scenario,0,-3.250717908265509,0,-2.1908670278479914,0,-2.304029557989425
four,91,1,abnormal_scenario,0,-3.5935011810682913,0,-2.6636207385456383,0,-3.247511259954356
four,92,1,abnormal_scenario,0,-3.6641530446588657,0,-4.00896575236369,0,-4.36546623987808
four,93,1,abnormal_scenario,0,-3.645034757640855,0,-3.6377995623117196,0,-4.267183285662245
four,94,1,abnormal_scenario,0,-3.4160407504156334,0,-1.8859161488703244,0,-1.9840657118073146
four,95,1,abnormal_scenario,0,-3.389714195788489,0,-1.684496808348713,0,-2.386256960785029
four,96,1,abnormal_scenario,0,-3.5814858996859678,0,-2.4314749609710473,0,-3.0347720657576813
four,97,1,abnormal_scenario,0,-3.4805899990407463,0,-1.4060478476431009,0,-1.7195237032280644
four,98,1,abnormal_scenario,0,-3.591141322807478,0,-2.09227541912752,0,-2.8941391838058497
four,99,1,abnormal_scenario,0,-3.59489891572456,0,-1.679841096706523,0,-2.649100741625722
four,100,1,abnormal_scenario,0,-3.631266405225423,0,-3.0135329063475513,0,-4.038728822417728
four,101,1,abnormal_scenario,0,-3.613362928419808,0,-2.549122571583633,0,-4.102961592065565
four,102,1,abnormal_scenario,1,7.040459482309652,1,3.554871460681264,1,1.0831344879670106
four,103,1,abnormal_scenario,1,1.8422959355652295,1,1.0303884775040273,0,0.3614231045780061
four,104,1,abnormal_scenario,1,1.2786606114565298,0,-0.21033740255837113,0,0.0003129543336709791
four,105,1,abnormal_scenario,0,-0.12635439436678048,0,-0.42993710263472984,0,-0.3414105727215594
four,106,1,abnormal_scenario,0,-2.375467465264178,0,-0.15779809666528954,0,-1.725321024500818
four,107,1,abnormal_scenario,0,-2.4829384867746374,0,-2.7863422183947533,0,-3.1324552229710703
four,108,1,abnormal_scenario,0,-3.117722846262156,0,-2.8077135146438548,0,-3.8457874585887186
four,109,1,abnormal_scenario,0,-2.851305680011997,0,-3.3733497470936635,0,-3.6885939465924524
four,110,1,abnormal_scenario,0,-3.1992385880128333,0,-3.3496698265870264,0,-4.12647694453557
four,111,1,abnormal_scenario,0,-3.095872463421009,0,-3.1902215962374827,0,-3.668097328483733
four,112,1,abnormal_scenario,0,-2.4388958137809267,0,-1.7443350942358502,0,-1.7620809340177863
four,113,1,abnormal_scenario,0,-2.8314259770026036,0,-3.3250843156973824,0,-3.259962864043896
four,114,1,abnormal_scenario,0,-3.1305080868159765,0,-2.5918523987669384,0,-3.4381563412090195
four,115,1,abnormal_scenario,0,-2.6098463218847283,0,-2.8401827285976537,0,-3.3435750311262633
four,116,1,abnormal_scenario,0,-0.4113494729780799,0,-0.005529337969117536,0,-0.3532105783379362
four,117,1,abnormal_scenario,0,-2.324800073090624,0,-2.703521929315132,0,-2.3126293660303587
four,118,1,abnormal_scenario,0,-2.777658635130026,0,-3.228067291421326,0,-3.255400749840918
four,119,1,abnormal_scenario,0,-1.6071111767280997,0,-1.5985552362269217,0,-1.3992006548574234
four,120,1,abnormal_scenario,0,-1.3676438074782984,0,-2.0486422703889353,0,-1.3333227666076484
four,121,1,abnormal_scenario,0,-2.19929673138403,0,-2.72129406537673,0,-2.863519655791584
four,122,1,abnormal_scenario,1,175.53514308452128,1,1.617274509471541,1,2.633072959776491
four,123,1,abnormal_scenario,1,325.7979215008257,1,4.935456055485137,1,2.633072959776491
four,124,1,abnormal_scenario,1,383.4001568411822,1,4.047787867070933,1,2.633072959776491
four,125,1,abnormal_scenario,1,392.8750329692062,1,4.360477123915001,1,2.633072959776491
four,126,1,abnormal_scenario,1,378.3497432049718,1,3.4712430648514694,1,2.633072959776491
four,127,1,abnormal_scenario,1,368.935834996436,0,-0.2543280341474379,1,2.633072959776491
four,128,1,abnormal_scenario,1,378.9878593774187,0,-0.3924330283898996,1,2.633072959776491
four,129,1,abnormal_scenario,1,389.25238528690693,0,-0.04709032669047758,1,2.633072959776491
four,130,1,abnormal_scenario,1,391.4462399857294,0,0.2656356434769504,1,2.633072959776491
four,131,1,abnormal_scenario,1,394.5454507319438,0,-0.05729304082288564,1,2.633072959776491
four,132,1,abnormal_scenario,1,398.3860652930569,0,-0.7662924853294563,1,2.633072959776491
four,133,1,abnormal_scenario,1,397.29717884555095,0,-0.20081408276400767,1,2.633072959776491
four,134,1,abnormal_scenario,1,395.2790617338282,1,0.6118362508349143,1,2.633072959776491
four,135,1,abnormal_scenario,1,387.8735990890075,0,-0.2952924775301412,1,2.633072959776491
four,136,1,abnormal_scenario,1,384.52143650430367,0,-0.8337134625278706,1,2.633072959776491
four,137,1,abnormal_scenario,1,374.5301112154638,0,-1.0634218159462843,1,2.633072959776491
four,138,1,abnormal_scenario,1,376.2908056259691,0,-0.17238180125714028,1,2.633072959776491
four,139,1,abnormal_scenario,1,377.78127957336926,0,0.12146240121996268,1,2.633072959776491
four,140,1,abnormal_scenario,1,388.60617897769293,0,0.1739559601186228,1,2.633072959776491
four,141,1,abnormal_scenario,1,394.5896849489271,1,0.4279231079668961,1,2.633072959776491
four,142,1,abnormal_scenario,1,401.46118507186543,0,-0.11816348935551456,1,2.633072959776491
four,143,1,abnormal_scenario,1,524.124335602275,1,2.647062205362271,1,2.633072959776491
four,144,1,abnormal_scenario,1,652.3630248251679,1,2.517415178862107,1,2.633072959776491
four,145,1,abnormal_scenario,1,728.7696107079662,1,1.0353881487906733,1,2.633072959776491
four,146,1,abnormal_scenario,1,812.5670443228304,1,1.4383593058310775,1,2.633072959776491
four,147,1,abnormal_scenario,1,887.5670180128757,1,1.251743558671562,1,2.633072959776491
four,148,1,abnormal_scenario,1,873.3335132179042,1,0.799575389934477,1,2.633072959776491
four,149,1,abnormal_scenario,1,864.5770847132305,1,0.6295007062057235,1,2.633072959776491
four,150,1,abnormal_scenario,1,864.1338503700736,0,-0.04046291232319252,1,2.633072959776491
four,151,1,abnormal_scenario,1,843.9197249656764,0,-0.5393459740898872,1,2.633072959776491
four,152,1,abnormal_scenario,1,848.7359068277551,1,0.6501938833681121,1,2.633072959776491
four,153,1,abnormal_scenario,1,852.7895795012746,1,0.4148161506526123,1,2.633072959776491
four,154,1,abnormal_scenario,1,853.1787668262875,0,-1.045245211950539,1,2.633072959776491
four,155,1,abnormal_scenario,1,880.0370475012934,1,0.8212692322108005,1,2.633072959776491
four,156,1,abnormal_scenario,1,889.3997941444458,0,-0.44298495467865656,1,2.633072959776491
four,157,1,abnormal_scenario,1,887.6025111339637,1,0.9783432026092519,1,2.633072959776491
four,158,1,abnormal_scenario,1,874.9379747951127,0,0.0792607337715916,1,2.633072959776491
four,159,1,abnormal_scenario,1,870.7061931797847,0,-0.15431938409240273,1,2.633072959776491
four,160,1,abnormal_scenario,1,865.9666572133196,0,-0.645912109259031,1,2.633072959776491
four,161,1,abnormal_scenario,1,868.4979427112612,0,-0.8078163745391278,1,2.633072959776491
four,162,1,abnormal_scenario,1,864.3243223427489,0,-1.545180518741156,1,2.633072959776491
four,163,1,abnormal_scenario,1,903.4317868905907,0,-0.1293737030999591,1,2.633072959776491
four,164,1,abnormal_scenario,1,1076.1587474047112,1,2.126877475908316,1,2.633072959776491
four,165,1,abnormal_scenario,1,1227.329800415467,1,1.0825228810031817,1,2.633072959776491
four,166,1,abnormal_scenario,1,1345.1490115441484,1,1.8224188363877536,1,2.633072959776491
four,167,1,abnormal_scenario,1,1469.6319619016906,1,1.9725700430394537,1,2.633072959776491
four,168,1,abnormal_scenario,1,1539.4980630059063,1,1.2074993029859515,1,2.633072959776491
four,169,1,abnormal_scenario,1,1550.4857486026283,1,1.620846514434915,1,2.633072959776491
four,170,1,abnormal_scenario,1,1549.2725170406761,1,0.5353074649264359,1,2.633072959776491
four,171,1,abnormal_scenario,1,1549.2969811628245,1,1.3242050802038854,1,2.633072959776491
