cycle_id,cooler_condition_percent,valve_condition_percent,pump_leakage_severity,accumulator_pressure_bar,cooler_condition_percent__most_frequent,cooler_condition_percent__logistic_regression,cooler_condition_percent__random_forest,cooler_condition_percent__extra_trees,valve_condition_percent__most_frequent,valve_condition_percent__logistic_regression,valve_condition_percent__random_forest,valve_condition_percent__extra_trees,pump_leakage_severity__most_frequent,pump_leakage_severity__logistic_regression,pump_leakage_severity__random_forest,pump_leakage_severity__extra_trees,accumulator_pressure_bar__most_frequent,accumulator_pressure_bar__logistic_regression,accumulator_pressure_bar__random_forest,accumulator_pressure_bar__extra_trees
212,3,73,2,130,100,3,3,3,100,80,100,80,2,2,2,2,90,115,115,115
213,3,73,2,130,100,3,3,3,100,73,73,80,2,1,1,2,90,130,130,130
214,3,73,2,130,100,3,3,3,100,73,80,80,2,2,1,2,90,130,130,130
215,3,73,2,130,100,3,3,3,100,80,90,80,2,1,2,2,90,130,115,115
216,3,73,2,130,100,3,3,3,100,80,90,80,2,2,2,2,90,130,115,115
217,3,73,2,130,100,3,3,3,100,73,80,80,2,2,2,2,90,130,130,130
218,3,73,2,130,100,3,3,3,100,73,80,80,2,2,2,2,90,130,130,130
219,3,73,2,130,100,3,3,3,100,73,73,80,2,2,2,2,90,130,130,130
220,3,73,2,130,100,3,3,3,100,73,73,80,2,2,2,2,90,130,130,130
221,3,73,2,130,100,3,3,3,100,73,80,80,2,2,2,2,90,130,130,130
222,3,80,2,130,20,3,3,3,73,80,100,100,1,2,2,2,90,130,130,130
223,3,80,2,130,20,3,3,3,73,80,100,100,1,2,2,2,90,130,130,130
224,3,80,2,130,20,3,3,3,73,80,100,100,1,2,2,2,90,130,130,130
225,3,80,2,130,20,3,3,3,73,80,80,80,1,2,2,2,90,130,130,130
226,3,80,2,130,20,3,3,3,73,80,100,100,1,2,2,2,90,130,130,130
227,3,80,2,130,20,3,3,3,73,80,80,80,1,2,2,2,90,130,130,130
228,3,80,2,130,20,3,3,3,73,80,100,100,1,2,2,2,90,130,130,130
229,3,80,2,130,20,3,3,3,73,80,100,100,1,2,2,2,90,130,130,130
230,3,80,2,130,20,3,3,3,73,80,100,100,1,2,2,2,90,130,130,130
231,3,80,2,130,20,3,3,3,73,80,80,80,1,2,2,2,90,130,130,130
232,3,90,2,130,3,3,3,3,73,90,100,100,2,2,2,2,100,130,130,130
233,3,90,2,130,3,3,3,3,73,90,100,100,2,2,2,2,100,130,130,130
234,3,90,2,130,3,3,3,3,73,90,100,100,2,2,2,2,100,130,130,130
235,3,90,2,130,3,3,3,3,73,90,100,100,2,2,2,2,100,130,130,130
236,3,90,2,130,3,3,3,3,73,90,90,100,2,2,2,2,100,130,130,130
237,3,90,2,130,3,3,3,3,73,90,100,100,2,2,2,2,100,130,130,130
238,3,90,2,130,3,3,3,3,73,90,100,100,2,2,2,2,100,130,130,130
239,3,90,2,130,3,3,3,3,73,90,100,100,2,2,2,2,100,130,130,130
240,3,90,2,130,3,3,3,3,73,100,100,100,2,2,2,2,100,130,130,130
241,3,90,2,130,3,3,3,3,73,90,90,100,2,2,2,2,100,130,130,130
242,3,100,2,130,20,3,3,3,73,100,90,90,0,2,2,2,90,130,130,130
243,3,100,2,130,20,3,3,3,73,100,90,90,0,2,2,2,90,130,130,130
244,3,100,2,130,20,3,3,3,73,100,90,90,0,2,2,2,90,130,130,130
245,3,100,2,130,20,3,3,3,73,100,90,90,0,2,2,2,90,130,130,130
246,3,100,2,130,20,3,3,3,73,100,90,90,0,2,2,2,90,130,130,130
247,3,100,2,130,20,3,3,3,73,100,90,90,0,2,2,2,90,130,130,130
248,3,100,2,130,20,3,3,3,73,90,73,73,0,2,2,2,90,130,130,130
249,3,100,2,130,20,3,3,3,73,73,73,73,0,2,2,2,90,130,130,130
250,3,100,2,130,20,3,3,3,73,100,100,90,0,2,2,2,90,130,130,130
251,3,100,2,130,20,3,3,3,73,100,90,90,0,2,2,2,90,130,130,130
253,3,73,1,130,3,3,3,3,100,73,73,73,0,2,1,1,90,130,130,130
254,3,73,1,130,3,3,3,3,100,73,80,73,0,2,1,1,90,130,130,130
255,3,73,1,130,3,3,3,3,100,73,73,73,0,1,1,1,90,130,130,130
256,3,73,1,130,3,3,3,3,100,73,80,80,0,1,1,1,90,130,130,130
257,3,73,1,130,3,3,3,3,100,73,73,73,0,2,1,1,90,130,130,130
258,3,73,1,130,3,3,3,3,100,73,73,73,0,1,1,1,90,130,130,130
259,3,73,1,130,3,3,3,3,100,73,73,73,0,2,1,1,90,130,130,130
260,3,73,1,130,3,3,3,3,100,73,73,73,0,2,1,1,90,130,130,130
261,3,73,1,130,3,3,3,3,100,73,73,73,0,2,1,1,90,130,130,130
262,3,73,1,130,3,3,3,3,100,80,80,80,0,1,1,1,90,130,130,130
263,3,80,1,130,20,3,3,3,73,80,90,73,0,2,1,1,90,130,130,130
264,3,80,1,130,20,3,3,3,73,80,90,90,0,1,1,1,90,130,130,130
265,3,80,1,130,20,3,3,3,73,90,90,90,0,1,1,1,90,130,130,130
266,3,80,1,130,20,3,3,3,73,80,90,73,0,1,1,1,90,130,130,130
267,3,80,1,130,20,3,3,3,73,90,90,90,0,1,1,1,90,130,130,130
268,3,80,1,130,20,3,3,3,73,80,90,73,0,1,1,1,90,130,130,130
269,3,80,1,130,20,3,3,3,73,80,90,73,0,2,1,1,90,130,130,130
270,3,80,1,130,20,3,3,3,73,80,90,90,0,1,1,1,90,130,130,130
271,3,80,1,130,20,3,3,3,73,80,90,90,0,1,1,1,90,130,130,130
272,3,80,1,130,20,3,3,3,73,80,90,90,0,1,1,1,90,130,130,130
273,3,90,1,130,3,3,3,3,100,90,100,80,1,1,1,1,90,130,130,130
274,3,90,1,130,3,3,3,3,100,90,100,100,1,1,1,1,90,130,130,130
275,3,90,1,130,3,3,3,3,100,90,100,100,1,1,1,1,90,130,130,130
276,3,90,1,130,3,3,3,3,100,90,100,100,1,1,1,1,90,130,130,130
277,3,90,1,130,3,3,3,3,100,90,100,100,1,1,1,1,90,130,130,130
278,3,90,1,130,3,3,3,3,100,90,100,100,1,1,1,1,90,130,130,130
279,3,90,1,130,3,3,3,3,100,90,100,100,1,1,1,1,90,130,130,130
280,3,90,1,130,3,3,3,3,100,90,80,80,1,1,1,1,90,130,130,130
281,3,90,1,130,3,3,3,3,100,90,100,100,1,1,1,1,90,130,130,130
282,3,90,1,130,3,3,3,3,100,90,100,100,1,1,1,1,90,130,130,130
283,3,100,1,130,100,3,3,3,73,100,90,90,2,1,1,1,90,130,130,130
284,3,100,1,130,100,3,3,3,73,100,100,90,2,1,1,1,90,130,130,130
285,3,100,1,130,100,3,3,3,73,100,90,90,2,1,1,1,90,130,130,130
286,3,100,1,130,100,3,3,3,73,100,90,90,2,1,1,1,90,130,130,130
287,3,100,1,130,100,3,3,3,73,100,100,90,2,1,1,1,90,130,130,130
288,3,100,1,130,100,3,3,3,73,100,100,90,2,1,1,1,90,130,130,130
289,3,100,1,130,100,3,3,3,73,100,90,90,2,1,1,1,90,130,130,130
290,3,100,1,130,100,3,3,3,73,100,90,90,2,1,1,1,90,130,130,130
291,3,100,1,130,100,3,3,3,73,100,100,90,2,1,1,1,90,130,130,130
292,3,100,1,130,100,3,3,3,73,100,100,90,2,1,1,1,90,130,130,130
294,3,73,0,130,3,3,3,3,73,73,73,73,2,0,0,0,100,130,130,130
295,3,73,0,130,3,3,3,3,73,73,80,80,2,0,0,0,100,130,130,130
296,3,73,0,130,3,3,3,3,73,73,73,73,2,0,0,0,100,130,130,130
297,3,73,0,130,3,3,3,3,73,73,73,73,2,0,0,0,100,130,130,130
298,3,73,0,130,3,3,3,3,73,73,73,80,2,0,0,0,100,130,130,130
299,3,73,0,130,3,3,3,3,73,73,73,80,2,0,0,0,100,130,130,130
300,3,73,0,130,3,3,3,3,73,73,73,80,2,0,0,0,100,130,130,130
301,3,73,0,130,3,3,3,3,73,73,73,80,2,0,0,0,100,130,130,130
302,3,73,0,130,3,3,3,3,73,80,80,80,2,0,0,0,100,130,130,130
303,3,73,0,130,3,3,3,3,73,80,80,80,2,0,0,0,100,130,130,130
304,3,80,0,130,3,3,3,3,100,80,100,73,0,0,0,0,90,130,130,130
305,3,80,0,130,3,3,3,3,100,80,100,73,0,0,0,0,90,130,130,130
306,3,80,0,130,3,3,3,3,100,80,100,73,0,0,0,0,90,115,130,130
307,3,80,0,130,3,3,3,3,100,80,100,73,0,0,0,0,90,130,130,130
308,3,80,0,130,3,3,3,3,100,80,90,73,0,0,0,0,90,130,130,130
309,3,80,0,130,3,3,3,3,100,90,90,73,0,0,0,0,90,130,130,130
310,3,80,0,130,3,3,3,3,100,80,100,73,0,0,0,0,90,130,130,130
311,3,80,0,130,3,3,3,3,100,73,73,73,0,0,0,0,90,130,130,130
312,3,80,0,130,3,3,3,3,100,80,90,73,0,0,0,0,90,130,130,130
313,3,80,0,130,3,3,3,3,100,80,100,73,0,0,0,0,90,130,130,130
314,3,90,0,130,100,3,3,3,100,100,100,100,1,0,0,0,90,130,130,130
315,3,90,0,130,100,3,3,3,100,90,100,100,1,0,0,0,90,130,130,130
316,3,90,0,130,100,3,3,3,100,90,90,100,1,0,0,0,90,130,130,130
317,3,90,0,130,100,3,3,3,100,100,100,100,1,0,0,0,90,130,130,130
318,3,90,0,130,100,3,3,3,100,100,100,100,1,0,0,0,90,115,130,130
319,3,90,0,130,100,3,3,3,100,90,100,100,1,0,0,0,90,130,130,130
320,3,90,0,130,100,3,3,3,100,100,100,100,1,0,0,0,90,130,130,130
321,3,90,0,130,100,3,3,3,100,100,100,100,1,0,0,0,90,130,130,130
322,3,90,0,130,100,3,3,3,100,100,100,100,1,0,0,0,90,130,130,130
323,3,90,0,130,100,3,3,3,100,90,100,100,1,0,0,0,90,130,130,130
324,3,100,0,130,3,3,3,3,73,100,90,90,1,0,0,0,90,130,130,130
325,3,100,0,130,3,3,3,3,73,90,90,90,1,0,0,0,90,130,130,130
326,3,100,0,130,3,3,3,3,73,100,90,90,1,0,0,0,90,130,130,130
327,3,100,0,130,3,3,3,3,73,100,90,90,1,0,0,0,90,130,130,130
328,3,100,0,130,3,3,3,3,73,100,90,90,1,0,0,0,90,130,130,130
329,3,100,0,130,3,3,3,3,73,100,90,90,1,0,0,0,90,130,130,130
330,3,100,0,130,3,3,3,3,73,100,90,90,1,0,0,0,90,130,130,130
331,3,100,0,130,3,3,3,3,73,100,90,90,1,0,0,0,90,130,130,130
332,3,100,0,130,3,3,3,3,73,100,90,90,1,0,0,0,90,130,130,130
333,3,100,0,130,3,3,3,3,73,100,90,90,1,0,0,0,90,130,130,130
345,3,73,2,115,20,3,3,3,100,80,73,80,0,2,2,2,90,90,130,130
346,3,73,2,115,20,3,3,3,100,80,73,80,0,2,2,2,90,115,115,130
347,3,73,2,115,20,3,3,3,100,80,73,80,0,2,2,2,90,115,115,130
348,3,73,2,115,20,3,3,3,100,80,73,80,0,2,2,2,90,90,115,115
349,3,73,2,115,20,3,3,3,100,80,73,80,0,2,2,2,90,115,115,115
350,3,73,2,115,20,3,3,3,100,80,80,80,0,2,2,2,90,100,115,115
351,3,73,2,115,20,3,3,3,100,80,73,73,0,2,2,2,90,130,130,130
352,3,73,2,115,20,3,3,3,100,80,73,80,0,2,2,2,90,115,115,115
353,3,73,2,115,20,3,3,3,100,80,80,80,0,2,2,2,90,90,115,115
354,3,73,2,115,20,3,3,3,100,80,73,80,0,2,2,2,90,100,115,115
355,3,80,2,115,20,3,3,3,73,80,73,73,1,2,2,2,90,115,115,115
356,3,80,2,115,20,3,3,3,73,80,73,73,1,2,2,2,90,115,115,115
357,3,80,2,115,20,3,3,3,73,80,90,73,1,2,2,2,90,115,115,115
358,3,80,2,115,20,3,3,3,73,90,73,73,1,2,2,2,90,100,115,115
359,3,80,2,115,20,3,3,3,73,80,90,73,1,2,2,2,90,115,115,115
360,3,80,2,115,20,3,3,3,73,80,90,73,1,2,2,2,90,115,115,115
361,3,80,2,115,20,3,3,3,73,73,73,90,1,2,2,2,90,115,115,115
362,3,80,2,115,20,3,3,3,73,90,90,90,1,2,2,2,90,130,115,115
363,3,80,2,115,20,3,3,3,73,80,90,90,1,2,2,2,90,130,115,115
364,3,80,2,115,20,3,3,3,73,80,90,90,1,2,2,2,90,130,115,115
365,3,90,2,115,20,3,3,3,100,100,90,80,1,2,2,2,90,115,115,115
366,3,90,2,115,20,3,3,3,100,80,100,80,1,2,2,2,90,130,115,115
367,3,90,2,115,20,3,3,3,100,90,90,80,1,2,2,2,90,115,115,115
368,3,90,2,115,20,3,3,3,100,80,90,80,1,2,2,2,90,115,115,115
369,3,90,2,115,20,3,3,3,100,100,100,100,1,2,2,2,90,115,115,115
370,3,90,2,115,20,3,3,3,100,90,90,100,1,2,2,2,90,115,115,115
371,3,90,2,115,20,3,3,3,100,100,73,73,1,2,2,2,90,115,115,115
372,3,90,2,115,20,3,3,3,100,73,80,73,1,2,2,2,90,115,115,115
373,3,90,2,115,20,3,3,3,100,80,90,100,1,2,2,2,90,115,115,115
374,3,90,2,115,20,3,3,3,100,100,100,100,1,2,2,2,90,115,115,115
375,3,100,2,115,100,3,3,3,73,90,90,90,0,2,2,2,90,115,115,115
376,3,100,2,115,100,3,3,3,73,100,90,90,0,2,2,2,90,115,115,115
377,3,100,2,115,100,3,3,3,73,100,90,90,0,2,2,2,90,115,115,115
378,3,100,2,115,100,3,3,3,73,100,90,73,0,2,2,2,90,115,115,115
379,3,100,2,115,100,3,3,3,73,100,90,73,0,2,2,2,90,115,115,115
380,3,100,2,115,100,3,3,3,73,100,90,73,0,2,2,2,90,115,115,115
381,3,100,2,115,100,3,3,3,73,100,90,73,0,1,2,2,90,115,115,115
382,3,100,2,115,100,3,3,3,73,100,90,73,0,2,2,2,90,115,115,115
383,3,100,2,115,100,3,3,3,73,100,90,73,0,2,2,2,90,115,115,115
384,3,100,2,115,100,3,3,3,73,100,100,73,0,2,2,1,90,115,115,115
386,3,73,1,115,100,3,3,3,73,80,73,80,0,1,1,1,90,115,115,115
387,3,73,1,115,100,3,3,3,73,80,73,80,0,1,2,1,90,115,115,115
388,3,73,1,115,100,3,3,3,73,80,73,80,0,1,1,1,90,115,115,115
389,3,73,1,115,100,3,3,3,73,73,73,73,0,2,2,2,90,90,115,115
390,3,73,1,115,100,3,3,3,73,73,73,73,0,1,1,1,90,90,115,115
391,3,73,1,115,100,3,3,3,73,73,73,80,0,1,2,2,90,115,115,115
392,3,73,1,115,100,3,3,3,73,80,73,80,0,1,1,1,90,115,115,115
393,3,73,1,115,100,3,3,3,73,80,73,80,0,1,2,1,90,115,115,115
394,3,73,1,115,100,3,3,3,73,80,73,73,0,1,1,1,90,115,115,115
395,3,73,1,115,100,3,3,3,73,73,73,80,0,1,1,1,90,115,115,115
396,3,80,1,115,3,3,3,3,73,80,90,73,2,2,2,1,90,100,115,115
397,3,80,1,115,3,3,3,3,73,73,73,73,2,1,1,1,90,130,115,115
398,3,80,1,115,3,3,3,3,73,90,80,80,2,1,1,1,90,90,115,115
399,3,80,1,115,3,3,3,3,73,80,80,73,2,1,1,1,90,115,115,115
400,3,80,1,115,3,3,3,3,73,80,80,73,2,1,1,1,90,115,115,115
401,3,80,1,115,3,3,3,3,73,80,80,73,2,1,1,1,90,115,115,115
402,3,80,1,115,3,3,3,3,73,80,80,73,2,1,1,1,90,115,115,115
403,3,80,1,115,3,3,3,3,73,80,80,73,2,1,1,1,90,115,115,115
404,3,80,1,115,3,3,3,3,73,80,80,73,2,1,1,1,90,115,115,115
405,3,80,1,115,3,3,3,3,73,73,80,73,2,1,1,1,90,115,115,115
406,3,90,1,115,3,3,3,3,73,90,90,73,0,1,1,1,90,115,115,115
407,3,90,1,115,3,3,3,3,73,90,90,73,0,1,1,1,90,115,115,115
408,3,90,1,115,3,3,3,3,73,90,90,73,0,1,1,1,90,115,115,115
409,3,90,1,115,3,3,3,3,73,90,90,73,0,1,1,1,90,115,115,115
410,3,90,1,115,3,3,3,3,73,90,90,80,0,1,1,1,90,115,115,115
411,3,90,1,115,3,3,3,3,73,100,90,80,0,1,1,1,90,115,115,115
412,3,90,1,115,3,3,3,3,73,90,90,80,0,1,1,1,90,115,115,115
413,3,90,1,115,3,3,3,3,73,90,90,80,0,1,1,1,90,115,115,115
414,3,90,1,115,3,3,3,3,73,100,100,73,0,1,1,1,90,115,115,115
415,3,90,1,115,3,3,3,3,73,90,90,80,0,1,1,1,90,115,115,115
416,3,100,1,115,100,3,3,3,73,90,90,100,2,1,1,1,90,115,115,115
417,3,100,1,115,100,3,3,3,73,100,90,80,2,1,1,1,90,115,115,115
418,3,100,1,115,100,3,3,3,73,100,100,73,2,1,1,1,90,115,115,115
419,3,100,1,115,100,3,3,3,73,100,90,100,2,1,1,1,90,115,100,115
420,3,100,1,115,100,3,3,3,73,100,80,80,2,0,1,1,90,115,115,115
421,3,100,1,115,100,3,3,3,73,100,100,73,2,1,1,1,90,115,115,115
422,3,100,1,115,100,3,3,3,73,90,90,80,2,1,1,1,90,115,115,115
423,3,100,1,115,100,3,3,3,73,100,90,73,2,1,1,1,90,115,115,115
424,3,100,1,115,100,3,3,3,73,90,90,73,2,1,1,1,90,115,115,115
425,3,100,1,115,100,3,3,3,73,100,90,80,2,1,1,1,90,115,115,115
427,3,73,0,115,20,3,3,3,100,73,73,73,0,0,0,0,90,115,90,90
428,3,73,0,115,20,3,3,3,100,73,73,73,0,0,0,0,90,115,90,90
429,3,73,0,115,20,3,3,3,100,73,73,73,0,0,0,0,90,115,90,90
430,3,73,0,115,20,3,3,3,100,73,73,73,0,0,0,0,90,115,115,90
431,3,73,0,115,20,3,3,3,100,73,73,73,0,1,0,0,90,115,115,115
432,3,73,0,115,20,3,3,3,100,73,73,73,0,1,0,0,90,115,115,115
433,3,73,0,115,20,3,3,3,100,73,73,73,0,0,0,0,90,115,115,115
434,3,73,0,115,20,3,3,3,100,73,73,73,0,0,0,0,90,115,115,115
435,3,73,0,115,20,3,3,3,100,73,73,80,0,0,0,0,90,115,115,115
436,3,73,0,115,20,3,3,3,100,73,73,80,0,0,0,0,90,115,115,115
437,3,80,0,115,3,3,3,3,100,80,80,80,1,0,0,0,90,115,115,115
438,3,80,0,115,3,3,3,3,100,80,80,80,1,0,0,0,90,115,115,115
439,3,80,0,115,3,3,3,3,100,80,80,80,1,0,0,0,90,115,115,115
440,3,80,0,115,3,3,3,3,100,80,80,80,1,0,0,0,90,115,115,115
441,3,80,0,115,3,3,3,3,100,73,80,90,1,0,0,0,90,115,115,115
442,3,80,0,115,3,3,3,3,100,80,80,80,1,0,0,0,90,115,115,115
443,3,80,0,115,3,3,3,3,100,80,80,90,1,0,0,0,90,115,115,115
444,3,80,0,115,3,3,3,3,100,80,80,90,1,0,0,0,90,115,115,115
445,3,80,0,115,3,3,3,3,100,73,80,90,1,0,0,0,90,115,115,115
446,3,80,0,115,3,3,3,3,100,80,80,90,1,0,0,0,90,115,115,115
447,3,90,0,115,3,3,3,3,73,90,90,100,0,0,0,0,90,115,115,115
448,3,90,0,115,3,3,3,3,73,100,90,80,0,0,0,0,90,115,115,115
449,3,90,0,115,3,3,3,3,73,100,100,100,0,0,0,0,90,115,115,115
450,3,90,0,115,3,3,3,3,73,100,100,100,0,0,0,0,90,115,115,115
451,3,90,0,115,3,3,3,3,73,100,100,100,0,0,0,0,90,115,115,115
452,3,90,0,115,3,3,3,3,73,100,100,100,0,0,0,0,90,115,115,115
453,3,90,0,115,3,3,3,3,73,90,90,90,0,0,0,0,90,115,115,115
454,3,90,0,115,3,3,3,3,73,90,90,100,0,0,0,0,90,115,115,115
455,3,90,0,115,3,3,3,3,73,90,90,100,0,0,0,0,90,115,115,115
456,3,90,0,115,3,3,3,3,73,100,100,100,0,0,0,0,90,115,115,115
457,3,100,0,115,100,3,3,3,73,100,90,90,2,0,0,0,100,115,115,115
458,3,100,0,115,100,3,3,3,73,100,90,90,2,0,0,0,100,115,115,115
459,3,100,0,115,100,3,3,3,73,100,90,90,2,0,0,0,100,115,115,115
460,3,100,0,115,100,3,3,3,73,100,100,90,2,0,0,0,100,115,115,115
461,3,100,0,115,100,3,3,3,73,100,90,90,2,0,0,0,100,115,115,115
462,3,100,0,115,100,3,3,3,73,100,90,90,2,0,0,0,100,115,115,115
463,3,100,0,115,100,3,3,3,73,100,90,90,2,0,0,0,100,115,115,115
464,3,100,0,115,100,3,3,3,73,100,73,73,2,1,2,2,100,115,115,115
465,3,100,0,115,100,3,3,3,73,73,73,73,2,0,0,0,100,115,115,115
466,3,100,0,115,100,3,3,3,73,100,90,90,2,0,0,0,100,115,115,115
478,3,73,2,100,100,3,3,3,73,73,73,73,1,2,2,2,90,90,90,115
479,3,73,2,100,100,3,3,3,73,73,73,73,1,2,2,2,90,100,115,115
480,3,73,2,100,100,3,3,3,73,73,73,73,1,2,2,2,90,100,115,115
481,3,73,2,100,100,3,3,3,73,73,73,90,1,2,2,2,90,115,90,115
482,3,73,2,100,100,3,3,3,73,73,73,73,1,2,2,2,90,90,90,115
483,3,73,2,100,100,3,3,3,73,73,73,73,1,2,2,2,90,90,90,115
484,3,73,2,100,100,3,3,3,73,73,73,73,1,2,2,2,90,100,115,115
485,3,73,2,100,100,3,3,3,73,73,73,73,1,2,2,2,90,100,90,115
486,3,73,2,100,100,3,3,3,73,73,73,73,1,2,2,2,90,100,90,90
487,3,73,2,100,100,3,3,3,73,73,73,73,1,2,2,2,90,100,90,90
488,3,80,2,100,3,3,3,3,100,100,80,73,0,2,2,2,90,100,115,115
489,3,80,2,100,3,3,3,3,100,80,80,80,0,2,2,2,90,100,115,115
490,3,80,2,100,3,3,3,3,100,73,80,80,0,2,2,2,90,100,115,115
491,3,80,2,100,3,3,3,3,100,80,80,80,0,2,2,2,90,100,115,115
492,3,80,2,100,3,3,3,3,100,80,80,80,0,2,2,2,90,100,115,115
493,3,80,2,100,3,3,3,3,100,80,80,80,0,2,2,2,90,100,115,115
494,3,80,2,100,3,3,3,3,100,80,80,80,0,2,2,2,90,100,100,115
495,3,80,2,100,3,3,3,3,100,80,80,90,0,2,2,2,90,90,100,100
496,3,80,2,100,3,3,3,3,100,80,80,90,0,2,2,2,90,90,100,90
497,3,80,2,100,3,3,3,3,100,73,80,90,0,2,2,2,90,100,100,100
498,3,90,2,100,20,3,3,3,73,90,90,80,0,2,2,2,90,100,100,100
499,3,90,2,100,20,3,3,3,73,90,90,80,0,2,2,2,90,100,100,100
500,3,90,2,100,20,3,3,3,73,90,90,80,0,2,2,2,90,90,90,90
501,3,90,2,100,20,3,3,3,73,80,80,80,0,2,2,2,90,100,90,90
502,3,90,2,100,20,3,3,3,73,90,90,80,0,2,2,2,90,90,90,90
503,3,90,2,100,20,3,3,3,73,80,90,80,0,2,2,2,90,100,90,90
504,3,90,2,100,20,3,3,3,73,90,100,100,0,2,2,2,90,100,90,90
505,3,90,2,100,20,3,3,3,73,80,100,100,0,2,2,2,90,100,90,100
506,3,90,2,100,20,3,3,3,73,100,100,100,0,2,2,2,90,100,90,100
507,3,90,2,100,20,3,3,3,73,100,100,100,0,2,2,2,90,100,100,100
508,3,100,2,100,3,3,3,3,73,100,100,90,1,2,2,2,90,100,100,100
509,3,100,2,100,3,3,3,3,73,100,90,90,1,2,2,2,90,100,100,100
510,3,100,2,100,3,3,3,3,73,100,100,90,1,2,2,2,90,100,100,100
511,3,100,2,100,3,3,3,3,73,100,100,90,1,2,2,2,90,100,100,100
512,3,100,2,100,3,3,3,3,73,100,100,90,1,2,2,2,90,100,100,100
513,3,100,2,100,3,3,3,3,73,100,100,90,1,2,2,2,90,100,100,100
514,3,100,2,100,3,3,3,3,73,100,100,90,1,2,2,1,90,100,100,100
515,3,100,2,100,3,3,3,3,73,100,100,90,1,2,2,1,90,100,100,100
516,3,100,2,100,3,3,3,3,73,100,100,90,1,2,2,1,90,100,100,100
517,3,100,2,100,3,3,3,3,73,100,100,90,1,2,2,2,90,100,100,100
519,3,73,1,100,100,3,3,3,73,73,73,73,2,1,1,1,90,100,100,100
520,3,73,1,100,100,3,3,3,73,73,80,80,2,1,1,1,90,100,100,100
521,3,73,1,100,100,3,3,3,73,80,73,80,2,1,1,1,90,100,100,100
522,3,73,1,100,100,3,3,3,73,73,73,80,2,1,1,1,90,100,100,100
523,3,73,1,100,100,3,3,3,73,80,73,80,2,1,1,1,90,100,100,100
524,3,73,1,100,100,3,3,3,73,80,73,80,2,1,1,1,90,100,100,100
525,3,73,1,100,100,3,3,3,73,80,73,80,2,1,1,1,90,100,100,100
526,3,73,1,100,100,3,3,3,73,80,73,80,2,1,1,1,90,100,100,100
527,3,73,1,100,100,3,3,3,73,80,73,80,2,1,1,1,90,100,100,100
528,3,73,1,100,100,3,3,3,73,73,73,73,2,1,1,1,90,100,100,100
529,3,80,1,100,20,3,3,3,100,80,80,73,0,1,1,1,90,100,100,100
530,3,80,1,100,20,3,3,3,100,90,80,73,0,1,1,1,90,100,100,100
531,3,80,1,100,20,3,3,3,100,80,80,73,0,1,1,1,90,100,100,100
532,3,80,1,100,20,3,3,3,100,80,100,100,0,1,1,1,90,115,100,100
533,3,80,1,100,20,3,3,3,100,90,80,80,0,1,1,1,90,100,100,100
534,3,80,1,100,20,3,3,3,100,73,80,90,0,1,1,1,90,100,100,100
535,3,80,1,100,20,3,3,3,100,80,90,90,0,1,1,1,90,100,100,100
536,3,80,1,100,20,3,3,3,100,90,80,90,0,1,1,1,90,100,100,100
537,3,80,1,100,20,3,3,3,100,90,90,90,0,1,1,1,90,100,100,100
538,3,80,1,100,20,3,3,3,100,80,90,90,0,1,1,1,90,100,100,100
539,3,90,1,100,20,3,3,3,100,100,100,100,1,1,1,1,100,100,100,100
540,3,90,1,100,20,3,3,3,100,100,100,100,1,1,1,1,100,90,100,100
541,3,90,1,100,20,3,3,3,100,100,100,100,1,1,1,1,100,100,100,100
542,3,90,1,100,20,3,3,3,100,100,100,100,1,1,1,1,100,100,100,100
543,3,90,1,100,20,3,3,3,100,90,100,100,1,1,1,1,100,100,100,100
544,3,90,1,100,20,3,3,3,100,90,100,100,1,1,1,1,100,100,100,100
545,3,90,1,100,20,3,3,3,100,90,100,100,1,1,1,1,100,100,100,100
546,3,90,1,100,20,3,3,3,100,90,100,100,1,1,1,1,100,100,100,100
547,3,90,1,100,20,3,3,3,100,100,100,100,1,1,1,1,100,100,100,100
548,3,90,1,100,20,3,3,3,100,100,100,100,1,1,1,1,100,100,100,100
549,3,100,1,100,3,3,3,3,100,100,90,90,0,1,1,1,100,100,100,100
550,3,100,1,100,3,3,3,3,100,100,90,90,0,1,1,1,100,100,100,100
551,3,100,1,100,3,3,3,3,100,100,90,90,0,1,1,1,100,100,100,100
552,3,100,1,100,3,3,3,3,100,100,90,90,0,1,1,1,100,100,100,100
553,3,100,1,100,3,3,3,3,100,100,90,90,0,1,1,1,100,100,100,100
554,3,100,1,100,3,3,3,3,100,100,90,90,0,1,1,1,100,100,100,100
555,3,100,1,100,3,3,3,3,100,100,90,90,0,1,1,1,100,90,100,100
556,3,100,1,100,3,3,3,3,100,100,90,90,0,1,1,1,100,100,100,100
557,3,100,1,100,3,3,3,3,100,100,90,90,0,1,1,1,100,100,100,100
558,3,100,1,100,3,3,3,3,100,100,90,90,0,1,1,1,100,100,100,100
560,3,73,0,100,20,3,3,3,100,73,73,73,0,0,0,0,90,100,100,100
561,3,73,0,100,20,3,3,3,100,73,73,90,0,0,0,0,90,100,100,100
562,3,73,0,100,20,3,3,3,100,73,73,73,0,0,0,0,90,100,100,100
563,3,73,0,100,20,3,3,3,100,73,73,73,0,0,0,0,90,100,100,100
564,3,73,0,100,20,3,3,3,100,73,73,73,0,0,0,0,90,100,100,100
565,3,73,0,100,20,3,3,3,100,73,73,73,0,0,0,0,90,100,100,100
566,3,73,0,100,20,3,3,3,100,73,73,73,0,0,0,0,90,100,100,100
567,3,73,0,100,20,3,3,3,100,73,73,73,0,0,0,0,90,100,100,100
568,3,73,0,100,20,3,3,3,100,73,73,73,0,0,0,0,90,100,100,100
569,3,73,0,100,20,3,3,3,100,73,73,73,0,0,0,0,90,100,100,100
570,3,80,0,100,3,3,3,3,73,80,80,90,0,0,0,0,90,100,100,100
571,3,80,0,100,3,3,3,3,73,80,80,90,0,0,0,0,90,100,100,100
572,3,80,0,100,3,3,3,3,73,90,73,90,0,0,0,0,90,100,100,100
573,3,80,0,100,3,3,3,3,73,80,80,90,0,0,0,0,90,100,100,100
574,3,80,0,100,3,3,3,3,73,90,90,90,0,0,0,0,90,100,100,100
575,3,80,0,100,3,3,3,3,73,90,90,90,0,0,0,0,90,100,90,100
576,3,80,0,100,3,3,3,3,73,80,80,90,0,0,0,0,90,100,100,100
577,3,80,0,100,3,3,3,3,73,80,80,90,0,0,0,0,90,100,100,100
578,3,80,0,100,3,3,3,3,73,73,90,90,0,0,0,0,90,100,90,100
579,3,80,0,100,3,3,3,3,73,90,80,90,0,0,0,0,90,100,100,100
580,3,90,0,100,20,3,3,3,100,100,90,80,1,0,0,0,90,100,100,100
581,3,90,0,100,20,3,3,3,100,80,80,80,1,0,0,0,90,100,100,100
582,3,90,0,100,20,3,3,3,100,100,90,80,1,0,0,0,90,100,100,100
583,3,90,0,100,20,3,3,3,100,90,80,80,1,0,0,0,90,100,100,100
584,3,90,0,100,20,3,3,3,100,90,80,80,1,0,0,0,90,100,100,100
585,3,90,0,100,20,3,3,3,100,100,80,80,1,0,0,0,90,100,100,100
586,3,90,0,100,20,3,3,3,100,80,80,80,1,0,0,0,90,100,100,100
587,3,90,0,100,20,3,3,3,100,80,80,80,1,0,0,0,90,100,100,100
588,3,90,0,100,20,3,3,3,100,80,80,80,1,0,0,0,90,100,100,100
589,3,90,0,100,20,3,3,3,100,90,80,80,1,0,0,0,90,90,100,100
590,3,100,0,100,3,3,3,3,100,100,100,80,0,0,0,0,90,100,100,100
591,3,100,0,100,3,3,3,3,100,100,100,80,0,0,0,0,90,100,100,100
592,3,100,0,100,3,3,3,3,100,100,90,80,0,1,2,0,90,100,90,90
593,3,100,0,100,3,3,3,3,100,80,80,80,0,0,0,0,90,90,90,100
594,3,100,0,100,3,3,3,3,100,100,100,80,0,0,0,0,90,100,100,100
595,3,100,0,100,3,3,3,3,100,100,80,80,0,0,0,0,90,100,100,100
596,3,100,0,100,3,3,3,3,100,100,100,80,0,0,0,0,90,90,100,100
597,3,100,0,100,3,3,3,3,100,100,80,80,0,0,0,0,90,100,100,100
598,3,100,0,100,3,3,3,3,100,100,100,80,0,0,0,0,90,100,100,100
599,3,100,0,100,3,3,3,3,100,100,100,80,0,0,0,0,90,100,100,100
611,3,73,2,90,20,3,3,3,100,73,73,73,1,2,2,2,90,90,100,115
612,3,73,2,90,20,3,3,3,100,73,73,73,1,2,2,2,90,90,100,100
613,3,73,2,90,20,3,3,3,100,73,73,73,1,2,2,2,90,90,100,100
614,3,73,2,90,20,3,3,3,100,73,73,73,1,2,2,2,90,90,100,115
615,3,73,2,90,20,3,3,3,100,73,73,73,1,2,2,2,90,90,100,100
616,3,73,2,90,20,3,3,3,100,73,73,73,1,2,2,2,90,90,100,100
617,3,73,2,90,20,3,3,3,100,80,80,73,1,2,2,2,90,90,100,100
618,3,73,2,90,20,3,3,3,100,73,73,73,1,2,2,2,90,100,100,100
619,3,73,2,90,20,3,3,3,100,73,73,73,1,2,2,2,90,90,100,100
620,3,73,2,90,20,3,3,3,100,73,73,80,1,2,2,2,90,90,90,90
621,3,80,2,90,3,3,3,3,100,73,80,80,2,2,2,2,90,90,90,90
622,3,80,2,90,3,3,3,3,100,90,90,90,2,2,2,2,90,90,100,100
623,3,80,2,90,3,3,3,3,100,73,73,73,2,2,2,2,90,90,90,90
624,3,80,2,90,3,3,3,3,100,80,80,80,2,2,2,2,90,90,90,90
625,3,80,2,90,3,3,3,3,100,80,80,90,2,2,2,2,90,90,90,90
626,3,80,2,90,3,3,3,3,100,80,80,90,2,2,2,2,90,90,90,90
627,3,80,2,90,3,3,3,3,100,80,80,90,2,2,2,2,90,90,90,90
628,3,80,2,90,3,3,3,3,100,73,80,90,2,2,2,2,90,90,90,90
629,3,80,2,90,3,3,3,3,100,80,80,90,2,2,2,2,90,90,90,90
630,3,80,2,90,3,3,3,3,100,90,100,100,2,1,1,1,90,90,90,90
631,3,90,2,90,20,3,3,3,100,80,80,80,2,2,2,2,90,90,90,90
632,3,90,2,90,20,3,3,3,100,90,90,80,2,2,1,1,90,90,90,90
633,3,90,2,90,20,3,3,3,100,90,90,90,2,2,2,2,90,90,90,90
634,3,90,2,90,20,3,3,3,100,90,90,90,2,2,2,2,90,90,90,90
635,3,90,2,90,20,3,3,3,100,73,80,90,2,1,2,1,90,130,90,90
636,3,90,2,90,20,3,3,3,100,90,80,80,2,1,1,1,90,90,90,90
637,3,90,2,90,20,3,3,3,100,80,90,90,2,2,2,2,90,90,90,90
638,3,90,2,90,20,3,3,3,100,90,90,100,2,2,1,1,90,90,90,90
639,3,90,2,90,20,3,3,3,100,100,90,100,2,2,2,2,90,90,90,90
640,3,90,2,90,20,3,3,3,100,90,90,100,2,2,2,2,90,90,90,90
641,3,100,2,90,20,3,3,3,73,100,100,90,0,2,2,2,90,90,90,90
642,3,100,2,90,20,3,3,3,73,90,90,90,0,2,2,2,90,90,90,90
643,3,100,2,90,20,3,3,3,73,100,90,90,0,2,2,2,90,90,90,90
644,3,100,2,90,20,3,3,3,73,100,90,90,0,1,2,2,90,90,90,90
645,3,100,2,90,20,3,3,3,73,100,100,90,0,2,2,2,90,90,90,90
646,3,100,2,90,20,3,3,3,73,100,100,90,0,2,2,2,90,90,90,90
647,3,100,2,90,20,3,3,3,73,100,100,90,0,2,2,2,90,90,90,90
648,3,100,2,90,20,3,3,3,73,100,100,90,0,2,2,2,90,90,90,90
649,3,100,2,90,20,3,3,3,73,100,100,90,0,2,2,2,90,90,90,90
650,3,100,2,90,20,3,3,3,73,100,100,90,0,2,2,2,90,90,90,90
652,3,73,1,90,20,3,3,3,100,80,73,80,1,1,1,1,90,90,90,90
653,3,73,1,90,20,3,3,3,100,80,73,80,1,1,2,1,90,100,100,90
654,3,73,1,90,20,3,3,3,100,73,73,80,1,1,1,1,90,90,100,90
655,3,73,1,90,20,3,3,3,100,73,73,80,1,1,1,1,90,90,100,100
656,3,73,1,90,20,3,3,3,100,73,73,80,1,1,1,1,90,90,100,100
657,3,73,1,90,20,3,3,3,100,80,80,80,1,1,1,1,90,90,100,90
658,3,73,1,90,20,3,3,3,100,73,73,80,1,1,1,1,90,90,100,90
659,3,73,1,90,20,3,3,3,100,73,73,80,1,1,1,1,90,90,90,90
660,3,73,1,90,20,3,3,3,100,73,73,80,1,1,1,1,90,100,90,90
661,3,73,1,90,20,3,3,3,100,80,80,80,1,1,1,1,90,90,90,90
662,3,80,1,90,20,3,3,3,73,80,80,73,0,1,1,1,90,90,90,90
663,3,80,1,90,20,3,3,3,73,73,80,90,0,1,1,1,90,90,90,90
664,3,80,1,90,20,3,3,3,73,80,80,90,0,1,1,1,90,90,90,90
665,3,80,1,90,20,3,3,3,73,80,80,90,0,1,1,1,90,90,90,90
666,3,80,1,90,20,3,3,3,73,80,80,90,0,1,1,1,90,90,90,90
667,3,80,1,90,20,3,3,3,73,80,100,100,0,1,1,1,90,100,90,90
668,3,80,1,90,20,3,3,3,73,80,80,90,0,1,1,1,90,90,90,90
669,3,80,1,90,20,3,3,3,73,80,80,90,0,1,1,1,90,90,90,90
670,3,80,1,90,20,3,3,3,73,80,80,90,0,1,1,1,90,90,90,90
671,3,80,1,90,20,3,3,3,73,80,80,100,0,1,1,1,90,90,90,90
672,3,90,1,90,3,3,3,3,100,90,90,100,1,1,1,1,90,90,90,90
673,3,90,1,90,3,3,3,3,100,90,90,90,1,1,2,2,90,90,90,90
674,3,90,1,90,3,3,3,3,100,90,90,90,1,2,1,1,90,90,90,90
675,3,90,1,90,3,3,3,3,100,90,100,90,1,1,1,1,90,90,90,90
676,3,90,1,90,3,3,3,3,100,90,80,90,1,1,1,1,90,90,90,90
677,3,90,1,90,3,3,3,3,100,100,80,100,1,1,1,1,90,90,90,90
678,3,90,1,90,3,3,3,3,100,90,100,90,1,1,1,1,90,90,90,90
679,3,90,1,90,3,3,3,3,100,100,80,100,1,1,1,1,90,90,90,90
680,3,90,1,90,3,3,3,3,100,100,80,100,1,1,1,1,90,90,90,90
681,3,90,1,90,3,3,3,3,100,90,80,100,1,1,1,1,90,90,90,90
682,3,100,1,90,20,3,3,3,100,100,80,80,0,1,1,1,90,90,90,90
683,3,100,1,90,20,3,3,3,100,100,100,90,0,1,1,1,90,90,90,90
684,3,100,1,90,20,3,3,3,100,100,90,90,0,1,1,1,90,90,90,90
685,3,100,1,90,20,3,3,3,100,100,100,90,0,1,1,1,90,90,90,90
686,3,100,1,90,20,3,3,3,100,100,100,80,0,1,1,1,90,90,90,90
687,3,100,1,90,20,3,3,3,100,100,100,80,0,1,1,1,90,90,90,90
688,3,100,1,90,20,3,3,3,100,100,100,80,0,1,1,1,90,90,90,90
689,3,100,1,90,20,3,3,3,100,100,80,80,0,1,1,1,90,90,90,90
690,3,100,1,90,20,3,3,3,100,100,100,90,0,1,1,1,90,90,90,90
691,3,100,1,90,20,3,3,3,100,100,100,90,0,1,1,1,90,90,90,90
693,3,73,0,90,20,3,3,3,73,73,73,73,1,0,0,0,100,100,100,100
694,3,73,0,90,20,3,3,3,73,73,73,73,1,0,0,0,100,90,100,100
695,3,73,0,90,20,3,3,3,73,73,73,73,1,0,0,0,100,100,100,100
696,3,73,0,90,20,3,3,3,73,80,73,73,1,0,0,0,100,90,100,100
697,3,73,0,90,20,3,3,3,73,80,73,73,1,0,0,0,100,90,100,100
698,3,73,0,90,20,3,3,3,73,80,80,80,1,0,0,0,100,90,90,100
699,3,73,0,90,20,3,3,3,73,73,73,73,1,0,0,0,100,90,90,115
700,3,73,0,90,20,3,3,3,73,73,73,73,1,0,0,0,100,90,90,90
701,3,73,0,90,20,3,3,3,73,80,73,73,1,0,0,0,100,90,90,90
702,3,73,0,90,20,3,3,3,73,73,73,73,1,0,0,0,100,90,115,115
703,3,80,0,90,100,3,3,3,100,80,80,90,1,0,0,0,90,90,90,90
704,3,80,0,90,100,3,3,3,100,80,80,90,1,0,0,0,90,90,90,90
705,3,80,0,90,100,3,3,3,100,80,80,73,1,0,0,0,90,90,90,90
706,3,80,0,90,100,3,3,3,100,80,80,90,1,0,0,0,90,90,90,90
707,3,80,0,90,100,3,3,3,100,80,80,90,1,0,0,0,90,90,90,90
708,3,80,0,90,100,3,3,3,100,90,80,90,1,0,0,0,90,90,90,90
709,3,80,0,90,100,3,3,3,100,80,80,80,1,0,0,0,90,90,90,90
710,3,80,0,90,100,3,3,3,100,90,80,90,1,0,0,0,90,90,90,90
711,3,80,0,90,100,3,3,3,100,80,80,90,1,0,0,0,90,90,90,90
712,3,80,0,90,100,3,3,3,100,80,80,90,1,0,0,0,90,90,90,90
713,3,90,0,90,20,3,3,3,100,80,80,80,2,0,0,0,90,90,90,90
714,3,90,0,90,20,3,3,3,100,90,80,80,2,0,0,0,90,90,90,90
715,3,90,0,90,20,3,3,3,100,80,80,80,2,0,0,0,90,90,90,90
716,3,90,0,90,20,3,3,3,100,90,80,80,2,0,0,0,90,90,90,90
717,3,90,0,90,20,3,3,3,100,90,80,80,2,0,0,0,90,90,90,90
718,3,90,0,90,20,3,3,3,100,90,80,80,2,0,0,0,90,90,90,90
719,3,90,0,90,20,3,3,3,100,90,80,80,2,0,0,0,90,90,90,90
720,3,90,0,90,20,3,3,3,100,90,90,80,2,0,0,0,90,90,90,90
721,3,90,0,90,20,3,3,3,100,90,90,80,2,0,0,0,90,90,90,90
722,3,90,0,90,20,3,3,3,100,100,100,100,2,0,0,0,90,90,90,90
723,3,100,0,90,3,3,3,3,100,100,90,90,0,0,0,0,100,90,90,90
724,3,100,0,90,3,3,3,3,100,90,90,90,0,0,0,0,100,90,90,90
725,3,100,0,90,3,3,3,3,100,90,90,90,0,0,0,0,100,90,90,90
726,3,100,0,90,3,3,3,3,100,90,90,90,0,0,0,0,100,90,90,90
727,3,100,0,90,3,3,3,3,100,90,90,90,0,0,0,0,100,90,90,90
728,3,100,0,90,3,3,3,3,100,100,100,100,0,0,0,0,100,90,115,90
729,3,100,0,90,3,3,3,3,100,90,90,90,0,0,0,0,100,90,115,90
730,3,100,0,90,3,3,3,3,100,90,90,90,0,0,0,0,100,100,115,115
731,3,100,0,90,3,3,3,3,100,90,90,90,0,0,0,0,100,90,90,90
732,3,100,0,90,3,3,3,3,100,90,90,90,0,0,0,0,100,90,90,90
944,20,73,2,130,100,20,20,20,100,73,73,73,1,2,2,2,100,115,130,130
945,20,73,2,130,100,20,20,20,100,73,73,73,1,2,2,2,100,115,130,130
946,20,73,2,130,100,20,20,20,100,73,73,73,1,2,2,2,100,115,130,130
947,20,73,2,130,100,20,20,20,100,73,80,73,1,2,2,2,100,115,130,130
948,20,73,2,130,100,20,20,20,100,73,73,73,1,2,2,2,100,115,130,130
949,20,73,2,130,100,20,20,20,100,73,73,73,1,2,2,2,100,115,130,130
950,20,73,2,130,100,20,20,20,100,73,73,73,1,2,2,2,100,115,130,130
951,20,73,2,130,100,20,20,20,100,73,73,73,1,2,2,2,100,115,130,130
952,20,73,2,130,100,20,20,20,100,73,80,80,1,2,2,2,100,115,130,130
953,20,73,2,130,100,20,20,20,100,73,73,73,1,2,2,2,100,115,130,130
954,20,80,2,130,3,20,20,20,100,80,80,73,1,2,2,2,90,130,130,130
955,20,80,2,130,3,20,20,20,100,80,80,80,1,2,2,2,90,130,130,130
956,20,80,2,130,3,20,20,20,100,80,80,80,1,2,2,2,90,130,130,130
957,20,80,2,130,3,20,20,20,100,80,80,73,1,2,2,2,90,130,130,130
958,20,80,2,130,3,20,20,20,100,80,80,80,1,2,2,2,90,130,130,130
959,20,80,2,130,3,20,20,20,100,80,80,80,1,2,2,2,90,130,130,130
960,20,80,2,130,3,20,20,20,100,80,80,73,1,2,2,2,90,130,130,130
961,20,80,2,130,3,20,20,20,100,80,80,73,1,2,2,2,90,130,130,130
962,20,80,2,130,3,20,20,20,100,80,80,80,1,2,2,2,90,130,130,130
963,20,80,2,130,3,20,20,20,100,80,80,80,1,2,2,2,90,130,130,130
964,20,90,2,130,100,20,20,20,100,100,100,100,2,2,2,2,90,130,130,130
965,20,90,2,130,100,20,20,20,100,90,90,90,2,2,2,2,90,130,130,130
966,20,90,2,130,100,20,20,20,100,100,100,100,2,2,2,2,90,130,130,130
967,20,90,2,130,100,20,20,20,100,100,100,100,2,2,2,2,90,130,130,130
968,20,90,2,130,100,20,20,20,100,90,90,100,2,2,2,2,90,130,130,130
969,20,90,2,130,100,20,20,20,100,100,100,100,2,2,2,2,90,130,130,130
970,20,90,2,130,100,20,20,20,100,90,90,100,2,2,2,2,90,130,130,130
971,20,90,2,130,100,20,20,20,100,100,100,100,2,2,2,2,90,130,130,130
972,20,90,2,130,100,20,20,20,100,100,100,100,2,2,2,2,90,130,130,130
973,20,90,2,130,100,20,20,20,100,100,100,100,2,2,2,2,90,130,130,130
974,20,100,2,130,20,20,20,20,100,100,90,90,0,2,2,2,90,130,130,130
975,20,100,2,130,20,20,20,20,100,100,90,90,0,2,2,2,90,130,130,130
976,20,100,2,130,20,20,20,20,100,100,90,90,0,2,2,2,90,130,130,130
977,20,100,2,130,20,20,20,20,100,100,90,90,0,2,2,2,90,130,130,130
978,20,100,2,130,20,20,20,20,100,100,90,90,0,2,2,2,90,130,130,130
979,20,100,2,130,20,20,20,20,100,100,90,90,0,2,2,2,90,130,130,130
980,20,100,2,130,20,20,20,20,100,100,90,90,0,2,2,2,90,130,130,130
981,20,100,2,130,20,20,20,20,100,100,90,90,0,2,2,2,90,130,130,130
982,20,100,2,130,20,20,20,20,100,100,90,90,0,2,2,2,90,130,130,130
983,20,100,2,130,20,20,20,20,100,100,90,90,0,2,2,2,90,130,130,130
985,20,73,1,130,3,20,20,20,73,73,73,73,0,1,1,1,100,130,130,130
986,20,73,1,130,3,20,20,20,73,73,73,73,0,1,1,1,100,115,130,130
987,20,73,1,130,3,20,20,20,73,73,73,73,0,1,1,1,100,130,130,130
988,20,73,1,130,3,20,20,20,73,73,73,73,0,1,1,1,100,115,130,130
989,20,73,1,130,3,20,20,20,73,73,73,73,0,1,1,1,100,115,130,130
990,20,73,1,130,3,20,20,20,73,73,73,73,0,1,1,1,100,130,130,130
991,20,73,1,130,3,20,20,20,73,80,73,80,0,1,1,1,100,130,130,130
992,20,73,1,130,3,20,20,20,73,73,73,73,0,1,1,1,100,130,130,130
993,20,73,1,130,3,20,20,20,73,73,73,73,0,1,1,1,100,130,130,130
994,20,73,1,130,3,20,20,20,73,73,73,73,0,1,1,1,100,130,130,130
995,20,80,1,130,3,20,20,20,73,80,80,90,1,1,1,1,90,130,130,130
996,20,80,1,130,3,20,20,20,73,80,80,90,1,1,1,1,90,130,130,130
997,20,80,1,130,3,20,20,20,73,80,80,90,1,1,1,1,90,130,130,130
998,20,80,1,130,3,20,20,20,73,80,80,90,1,1,1,1,90,130,130,130
999,20,80,1,130,3,20,20,20,73,80,80,90,1,1,1,1,90,130,130,130
1000,20,80,1,130,3,20,20,20,73,80,80,90,1,1,1,1,90,130,130,130
1001,20,80,1,130,3,20,20,20,73,80,80,90,1,1,1,1,90,130,130,130
1002,20,80,1,130,3,20,20,20,73,80,80,90,1,1,1,1,90,130,130,130
1003,20,80,1,130,3,20,20,20,73,80,80,90,1,1,1,1,90,130,130,130
1004,20,80,1,130,3,20,20,20,73,80,80,90,1,1,1,1,90,130,130,130
1005,20,90,1,130,3,20,20,20,100,100,100,100,1,1,1,1,90,130,130,130
1006,20,90,1,130,3,20,20,20,100,90,90,80,1,1,1,1,90,130,130,130
1007,20,90,1,130,3,20,20,20,100,100,100,100,1,1,1,1,90,130,130,130
1008,20,90,1,130,3,20,20,20,100,90,100,100,1,1,1,1,90,130,130,130
1009,20,90,1,130,3,20,20,20,100,100,100,100,1,1,1,1,90,130,130,130
1010,20,90,1,130,3,20,20,20,100,100,100,100,1,1,1,1,90,130,130,130
1011,20,90,1,130,3,20,20,20,100,100,100,100,1,1,1,1,90,130,130,130
1012,20,90,1,130,3,20,20,20,100,90,100,100,1,1,1,1,90,130,130,130
1013,20,90,1,130,3,20,20,20,100,90,100,100,1,1,1,1,90,130,130,130
1014,20,90,1,130,3,20,20,20,100,90,100,100,1,1,1,1,90,130,130,130
1015,20,100,1,130,20,20,20,20,100,100,90,90,0,1,1,1,90,130,130,130
1016,20,100,1,130,20,20,20,20,100,100,90,90,0,1,1,1,90,130,130,130
1017,20,100,1,130,20,20,20,20,100,100,90,90,0,1,1,1,90,130,130,130
1018,20,100,1,130,20,20,20,20,100,100,90,90,0,1,1,1,90,130,130,130
1019,20,100,1,130,20,20,20,20,100,100,90,90,0,1,1,1,90,130,130,130
1020,20,100,1,130,20,20,20,20,100,100,90,90,0,1,1,1,90,130,130,130
1021,20,100,1,130,20,20,20,20,100,100,90,90,0,1,1,1,90,130,130,130
1022,20,100,1,130,20,20,20,20,100,100,90,90,0,1,1,1,90,130,130,130
1023,20,100,1,130,20,20,20,20,100,100,90,90,0,1,1,1,90,130,130,130
1024,20,100,1,130,20,20,20,20,100,100,90,90,0,1,1,1,90,130,130,130
1026,20,73,0,130,100,20,20,20,73,73,73,73,1,0,0,0,90,130,130,130
1027,20,73,0,130,100,20,20,20,73,73,73,73,1,0,0,0,90,130,130,130
1028,20,73,0,130,100,20,20,20,73,73,73,73,1,0,0,0,90,130,130,130
1029,20,73,0,130,100,20,20,20,73,73,73,73,1,0,0,0,90,130,130,130
1030,20,73,0,130,100,20,20,20,73,73,73,73,1,0,0,0,90,130,130,130
1031,20,73,0,130,100,20,20,20,73,73,73,73,1,0,0,0,90,130,130,130
1032,20,73,0,130,100,20,20,20,73,73,73,80,1,0,0,0,90,130,130,130
1033,20,73,0,130,100,20,20,20,73,73,73,73,1,0,0,0,90,130,130,130
1034,20,73,0,130,100,20,20,20,73,73,73,80,1,0,0,0,90,130,130,130
1035,20,73,0,130,100,20,20,20,73,73,73,73,1,0,0,0,90,130,130,130
1036,20,80,0,130,3,20,20,20,100,80,80,80,2,0,0,0,90,115,130,130
1037,20,80,0,130,3,20,20,20,100,80,80,80,2,0,0,0,90,130,130,130
1038,20,80,0,130,3,20,20,20,100,80,80,80,2,0,0,0,90,130,130,130
1039,20,80,0,130,3,20,20,20,100,80,80,80,2,0,0,0,90,130,130,130
1040,20,80,0,130,3,20,20,20,100,80,80,80,2,0,0,0,90,130,130,130
1041,20,80,0,130,3,20,20,20,100,80,80,80,2,0,0,0,90,130,130,130
1042,20,80,0,130,3,20,20,20,100,80,80,80,2,0,0,0,90,130,130,130
1043,20,80,0,130,3,20,20,20,100,80,80,80,2,0,0,0,90,130,130,130
1044,20,80,0,130,3,20,20,20,100,80,80,80,2,0,0,0,90,130,130,130
1045,20,80,0,130,3,20,20,20,100,80,80,80,2,0,0,0,90,130,130,130
1046,20,90,0,130,3,20,20,20,100,90,90,100,2,0,0,0,90,130,130,130
1047,20,90,0,130,3,20,20,20,100,90,90,100,2,0,0,0,90,130,130,130
1048,20,90,0,130,3,20,20,20,100,90,100,100,2,0,0,0,90,130,130,130
1049,20,90,0,130,3,20,20,20,100,90,100,100,2,0,0,0,90,130,130,130
1050,20,90,0,130,3,20,20,20,100,90,100,100,2,0,0,0,90,130,130,130
1051,20,90,0,130,3,20,20,20,100,90,100,100,2,0,0,0,90,130,130,130
1052,20,90,0,130,3,20,20,20,100,90,90,100,2,0,0,0,90,130,130,130
1053,20,90,0,130,3,20,20,20,100,90,100,100,2,0,0,0,90,130,130,130
1054,20,90,0,130,3,20,20,20,100,90,90,100,2,0,0,0,90,130,130,130
1055,20,90,0,130,3,20,20,20,100,90,100,100,2,0,0,0,90,130,130,130
1056,20,100,0,130,20,20,20,20,100,100,100,90,1,0,0,0,90,115,130,130
1057,20,100,0,130,20,20,20,20,100,100,100,90,1,0,0,0,90,130,130,130
1058,20,100,0,130,20,20,20,20,100,100,100,90,1,0,0,0,90,130,130,130
1059,20,100,0,130,20,20,20,20,100,100,100,90,1,0,0,0,90,115,130,130
1060,20,100,0,130,20,20,20,20,100,100,100,90,1,0,0,0,90,130,130,130
1061,20,100,0,130,20,20,20,20,100,100,100,90,1,0,0,0,90,130,130,130
1062,20,100,0,130,20,20,20,20,100,100,100,90,1,0,0,0,90,130,130,130
1063,20,100,0,130,20,20,20,20,100,100,100,90,1,0,0,0,90,115,130,130
1064,20,100,0,130,20,20,20,20,100,100,100,90,1,0,0,0,90,130,130,130
1065,20,100,0,130,20,20,20,20,100,100,100,90,1,0,0,0,90,115,130,130
1077,20,73,2,115,20,20,20,20,73,73,73,73,0,2,2,2,90,115,115,115
1078,20,73,2,115,20,20,20,20,73,73,73,73,0,2,2,2,90,130,115,115
1079,20,73,2,115,20,20,20,20,73,73,73,73,0,2,2,2,90,115,115,115
1080,20,73,2,115,20,20,20,20,73,80,73,73,0,2,2,2,90,115,115,115
1081,20,73,2,115,20,20,20,20,73,73,73,73,0,2,2,2,90,115,115,115
1082,20,73,2,115,20,20,20,20,73,73,73,73,0,2,2,2,90,115,115,115
1083,20,73,2,115,20,20,20,20,73,73,73,73,0,2,2,2,90,115,115,115
1084,20,73,2,115,20,20,20,20,73,73,73,73,0,2,2,2,90,115,115,115
1085,20,73,2,115,20,20,20,20,73,73,73,73,0,2,2,2,90,115,115,115
1086,20,73,2,115,20,20,20,20,73,73,73,73,0,2,2,2,90,130,115,115
1087,20,80,2,115,3,20,20,20,100,80,80,80,1,2,2,2,100,115,115,115
1088,20,80,2,115,3,20,20,20,100,80,80,80,1,2,2,2,100,130,115,115
1089,20,80,2,115,3,20,20,20,100,80,80,80,1,2,2,2,100,115,115,115
1090,20,80,2,115,3,20,20,20,100,80,80,80,1,2,2,2,100,115,115,115
1091,20,80,2,115,3,20,20,20,100,80,80,80,1,2,2,2,100,115,115,115
1092,20,80,2,115,3,20,20,20,100,80,80,80,1,2,2,2,100,115,115,115
1093,20,80,2,115,3,20,20,20,100,80,80,80,1,2,2,2,100,115,115,115
1094,20,80,2,115,3,20,20,20,100,80,80,80,1,2,2,2,100,115,115,115
1095,20,80,2,115,3,20,20,20,100,80,80,80,1,2,2,2,100,115,115,115
1096,20,80,2,115,3,20,20,20,100,73,80,80,1,2,2,2,100,115,115,115
1097,20,90,2,115,3,20,20,20,100,90,90,90,0,2,2,2,90,115,115,115
1098,20,90,2,115,3,20,20,20,100,90,90,100,0,2,2,2,90,115,115,115
1099,20,90,2,115,3,20,20,20,100,90,90,100,0,2,2,2,90,115,115,115
1100,20,90,2,115,3,20,20,20,100,90,90,90,0,2,2,2,90,115,115,115
1101,20,90,2,115,3,20,20,20,100,90,90,90,0,2,2,2,90,115,115,115
1102,20,90,2,115,3,20,20,20,100,90,90,100,0,2,2,2,90,115,115,115
1103,20,90,2,115,3,20,20,20,100,90,90,90,0,2,2,2,90,115,115,115
1104,20,90,2,115,3,20,20,20,100,90,90,90,0,2,2,2,90,115,115,115
1105,20,90,2,115,3,20,20,20,100,90,90,90,0,2,2,2,90,115,115,115
1106,20,90,2,115,3,20,20,20,100,90,90,100,0,2,2,2,90,115,115,115
1107,20,100,2,115,20,20,20,20,100,100,100,100,1,2,2,2,90,115,115,115
1108,20,100,2,115,20,20,20,20,100,100,100,100,1,2,2,2,90,115,115,115
1109,20,100,2,115,20,20,20,20,100,100,100,100,1,2,2,2,90,115,115,115
1110,20,100,2,115,20,20,20,20,100,100,100,100,1,2,2,2,90,115,115,115
1111,20,100,2,115,20,20,20,20,100,100,100,100,1,2,2,2,90,115,115,115
1112,20,100,2,115,20,20,20,20,100,100,100,100,1,2,2,2,90,115,115,115
1113,20,100,2,115,20,20,20,20,100,100,100,100,1,2,2,2,90,115,115,115
1114,20,100,2,115,20,20,20,20,100,100,100,100,1,2,2,2,90,115,115,115
1115,20,100,2,115,20,20,20,20,100,100,100,100,1,2,2,2,90,115,115,115
1116,20,100,2,115,20,20,20,20,100,100,100,100,1,2,2,2,90,115,115,115
1118,20,73,1,115,100,20,20,20,73,73,73,73,2,1,1,1,90,115,115,115
1119,20,73,1,115,100,20,20,20,73,73,73,73,2,1,1,1,90,115,115,115
1120,20,73,1,115,100,20,20,20,73,73,73,73,2,1,1,1,90,115,115,115
1121,20,73,1,115,100,20,20,20,73,73,73,73,2,1,1,1,90,115,115,115
1122,20,73,1,115,100,20,20,20,73,73,73,73,2,1,1,1,90,115,115,115
1123,20,73,1,115,100,20,20,20,73,73,73,73,2,1,1,1,90,130,115,115
1124,20,73,1,115,100,20,20,20,73,73,73,73,2,1,1,1,90,115,115,115
1125,20,73,1,115,100,20,20,20,73,73,73,73,2,1,1,1,90,115,115,115
1126,20,73,1,115,100,20,20,20,73,73,73,73,2,1,1,1,90,115,115,115
1127,20,73,1,115,100,20,20,20,73,73,73,73,2,1,1,1,90,115,115,115
1128,20,80,1,115,3,20,20,20,73,80,80,80,1,1,1,1,90,115,115,115
1129,20,80,1,115,3,20,20,20,73,80,80,80,1,1,1,1,90,115,115,115
1130,20,80,1,115,3,20,20,20,73,80,80,80,1,1,1,1,90,115,115,115
1131,20,80,1,115,3,20,20,20,73,80,80,80,1,1,1,1,90,115,115,115
1132,20,80,1,115,3,20,20,20,73,80,80,80,1,1,1,1,90,115,115,115
1133,20,80,1,115,3,20,20,20,73,80,80,80,1,1,1,1,90,115,115,115
1134,20,80,1,115,3,20,20,20,73,80,80,80,1,1,1,1,90,115,115,115
1135,20,80,1,115,3,20,20,20,73,80,80,80,1,1,1,1,90,115,115,115
1136,20,80,1,115,3,20,20,20,73,80,80,80,1,1,1,1,90,115,115,115
1137,20,80,1,115,3,20,20,20,73,80,80,80,1,1,1,1,90,115,115,115
1138,20,90,1,115,3,20,20,20,73,100,100,100,0,1,1,1,90,115,115,115
1139,20,90,1,115,3,20,20,20,73,90,90,90,0,1,1,1,90,115,115,115
1140,20,90,1,115,3,20,20,20,73,90,90,90,0,1,1,1,90,115,115,115
1141,20,90,1,115,3,20,20,20,73,90,90,90,0,1,1,1,90,100,115,115
1142,20,90,1,115,3,20,20,20,73,90,90,90,0,1,1,1,90,115,115,115
1143,20,90,1,115,3,20,20,20,73,90,90,90,0,1,1,1,90,115,115,115
1144,20,90,1,115,3,20,20,20,73,90,90,90,0,1,1,1,90,115,115,115
1145,20,90,1,115,3,20,20,20,73,90,90,90,0,1,1,1,90,115,115,115
1146,20,90,1,115,3,20,20,20,73,90,90,90,0,1,1,1,90,115,115,115
1147,20,90,1,115,3,20,20,20,73,90,90,90,0,1,1,1,90,115,115,115
1148,20,100,1,115,20,20,20,20,73,100,100,100,0,1,1,1,90,115,115,115
1149,20,100,1,115,20,20,20,20,73,100,100,100,0,1,1,1,90,115,115,115
1150,20,100,1,115,20,20,20,20,73,100,100,100,0,1,1,1,90,115,115,115
1151,20,100,1,115,20,20,20,20,73,100,100,100,0,1,1,1,90,130,115,115
1152,20,100,1,115,20,20,20,20,73,100,100,100,0,1,1,1,90,115,115,115
1153,20,100,1,115,20,20,20,20,73,100,100,100,0,1,1,1,90,115,115,115
1154,20,100,1,115,20,20,20,20,73,100,100,100,0,1,1,1,90,115,115,115
1155,20,100,1,115,20,20,20,20,73,100,100,100,0,1,1,1,90,130,115,115
1156,20,100,1,115,20,20,20,20,73,100,100,100,0,1,1,1,90,115,115,115
1157,20,100,1,115,20,20,20,20,73,100,100,100,0,1,1,1,90,130,115,115
1159,20,73,0,115,3,20,20,20,73,73,73,73,0,0,0,0,90,100,115,115
1160,20,73,0,115,3,20,20,20,73,73,73,73,0,0,0,0,90,115,115,115
1161,20,73,0,115,3,20,20,20,73,73,73,73,0,0,0,0,90,115,115,115
1162,20,73,0,115,3,20,20,20,73,73,73,73,0,0,0,0,90,115,115,115
1163,20,73,0,115,3,20,20,20,73,73,73,73,0,0,0,0,90,115,115,115
1164,20,73,0,115,3,20,20,20,73,73,73,73,0,0,0,0,90,115,115,115
1165,20,73,0,115,3,20,20,20,73,73,73,73,0,0,0,0,90,115,115,115
1166,20,73,0,115,3,20,20,20,73,73,73,73,0,0,0,0,90,100,115,115
1167,20,73,0,115,3,20,20,20,73,73,73,73,0,0,0,0,90,115,115,115
1168,20,73,0,115,3,20,20,20,73,73,73,73,0,0,0,0,90,115,115,115
1169,20,80,0,115,3,20,20,20,100,80,73,90,1,0,0,0,90,130,115,115
1170,20,80,0,115,3,20,20,20,100,80,90,90,1,0,0,0,90,115,115,115
1171,20,80,0,115,3,20,20,20,100,80,90,90,1,0,0,0,90,130,115,115
1172,20,80,0,115,3,20,20,20,100,80,73,90,1,0,0,0,90,115,115,115
1173,20,80,0,115,3,20,20,20,100,80,73,90,1,0,0,0,90,115,115,115
1174,20,80,0,115,3,20,20,20,100,80,90,90,1,0,0,0,90,130,115,115
1175,20,80,0,115,3,20,20,20,100,80,90,90,1,0,0,0,90,130,115,115
1176,20,80,0,115,3,20,20,20,100,80,90,90,1,0,0,0,90,130,115,115
1177,20,80,0,115,3,20,20,20,100,80,90,90,1,0,0,0,90,115,115,115
1178,20,80,0,115,3,20,20,20,100,80,90,90,1,0,0,0,90,115,115,115
1179,20,90,0,115,3,20,20,20,100,90,90,90,0,0,0,0,90,130,115,115
1180,20,90,0,115,3,20,20,20,100,90,90,90,0,0,0,0,90,130,115,115
1181,20,90,0,115,3,20,20,20,100,90,90,100,0,0,0,0,90,115,115,115
1182,20,90,0,115,3,20,20,20,100,100,90,100,0,0,0,0,90,100,115,115
1183,20,90,0,115,3,20,20,20,100,90,90,90,0,0,0,0,90,115,115,115
1184,20,90,0,115,3,20,20,20,100,90,90,90,0,0,0,0,90,115,115,115
1185,20,90,0,115,3,20,20,20,100,100,90,100,0,0,0,0,90,115,115,115
1186,20,90,0,115,3,20,20,20,100,90,90,90,0,0,0,0,90,115,115,115
1187,20,90,0,115,3,20,20,20,100,90,90,90,0,0,0,0,90,115,115,115
1188,20,90,0,115,3,20,20,20,100,90,90,100,0,0,0,0,90,115,115,115
1189,20,100,0,115,20,20,20,20,100,100,100,100,1,0,0,0,100,100,115,115
1190,20,100,0,115,20,20,20,20,100,90,100,100,1,0,0,0,100,100,115,115
1191,20,100,0,115,20,20,20,20,100,90,100,100,1,0,0,0,100,115,115,115
1192,20,100,0,115,20,20,20,20,100,100,100,100,1,0,0,0,100,115,115,115
1193,20,100,0,115,20,20,20,20,100,100,100,100,1,0,0,0,100,115,115,115
1194,20,100,0,115,20,20,20,20,100,100,100,100,1,0,0,0,100,115,115,115
1195,20,100,0,115,20,20,20,20,100,100,100,100,1,0,0,0,100,100,115,115
1196,20,100,0,115,20,20,20,20,100,100,100,100,1,0,0,0,100,100,115,115
1197,20,100,0,115,20,20,20,20,100,90,100,100,1,0,0,0,100,115,115,115
1198,20,100,0,115,20,20,20,20,100,100,100,100,1,0,0,0,100,115,115,115
1210,20,73,2,100,20,20,20,20,100,73,73,73,1,2,2,2,90,100,100,90
1211,20,73,2,100,20,20,20,20,100,73,73,73,1,2,2,2,90,90,100,90
1212,20,73,2,100,20,20,20,20,100,73,73,73,1,2,2,2,90,90,100,100
1213,20,73,2,100,20,20,20,20,100,73,73,73,1,2,2,2,90,90,90,90
1214,20,73,2,100,20,20,20,20,100,73,73,73,1,2,2,2,90,90,90,90
1215,20,73,2,100,20,20,20,20,100,73,73,73,1,2,2,2,90,100,100,100
1216,20,73,2,100,20,20,20,20,100,73,73,73,1,2,2,2,90,90,90,90
1217,20,73,2,100,20,20,20,20,100,73,73,73,1,2,2,2,90,90,100,100
1218,20,73,2,100,20,20,20,20,100,73,73,73,1,2,2,2,90,115,100,100
1219,20,73,2,100,20,20,20,20,100,73,73,73,1,2,2,2,90,100,90,100
1220,20,80,2,100,3,20,20,20,100,80,80,80,0,2,2,2,100,100,100,100
1221,20,80,2,100,3,20,20,20,100,80,80,80,0,2,2,2,100,100,100,100
1222,20,80,2,100,3,20,20,20,100,73,80,80,0,2,2,2,100,100,100,100
1223,20,80,2,100,3,20,20,20,100,80,80,80,0,2,2,2,100,100,100,100
1224,20,80,2,100,3,20,20,20,100,80,80,80,0,2,2,2,100,100,100,100
1225,20,80,2,100,3,20,20,20,100,80,80,80,0,2,2,2,100,100,100,100
1226,20,80,2,100,3,20,20,20,100,80,80,80,0,2,2,2,100,100,100,100
1227,20,80,2,100,3,20,20,20,100,80,80,80,0,2,2,2,100,100,100,100
1228,20,80,2,100,3,20,20,20,100,80,80,80,0,2,2,2,100,100,100,100
1229,20,80,2,100,3,20,20,20,100,80,80,80,0,2,2,2,100,100,100,100
1230,20,90,2,100,3,20,20,20,100,90,90,90,1,2,2,2,90,90,100,100
1231,20,90,2,100,3,20,20,20,100,90,90,90,1,2,2,2,90,115,100,100
1232,20,90,2,100,3,20,20,20,100,90,100,100,1,2,2,2,90,90,100,100
1233,20,90,2,100,3,20,20,20,100,90,90,90,1,2,2,2,90,100,100,100
1234,20,90,2,100,3,20,20,20,100,90,90,90,1,2,2,2,90,100,100,100
1235,20,90,2,100,3,20,20,20,100,90,90,90,1,2,2,2,90,115,100,100
1236,20,90,2,100,3,20,20,20,100,90,90,90,1,2,2,2,90,100,100,100
1237,20,90,2,100,3,20,20,20,100,90,90,90,1,2,2,2,90,115,100,100
1238,20,90,2,100,3,20,20,20,100,90,90,100,1,2,2,2,90,115,100,100
1239,20,90,2,100,3,20,20,20,100,90,90,100,1,2,2,2,90,115,100,100
1240,20,100,2,100,20,20,20,20,100,100,100,90,1,2,2,2,90,115,100,100
1241,20,100,2,100,20,20,20,20,100,100,100,90,1,2,2,2,90,100,100,100
1242,20,100,2,100,20,20,20,20,100,100,100,90,1,2,2,2,90,115,100,100
1243,20,100,2,100,20,20,20,20,100,100,100,90,1,2,2,2,90,115,100,100
1244,20,100,2,100,20,20,20,20,100,100,100,100,1,2,2,2,90,115,100,100
1245,20,100,2,100,20,20,20,20,100,100,90,90,1,2,2,2,90,100,90,90
1246,20,100,2,100,20,20,20,20,100,100,100,100,1,2,2,2,90,115,90,90
1247,20,100,2,100,20,20,20,20,100,100,100,90,1,2,2,2,90,115,90,90
1248,20,100,2,100,20,20,20,20,100,100,100,90,1,2,2,2,90,100,100,90
1249,20,100,2,100,20,20,20,20,100,100,100,90,1,2,2,2,90,115,90,90
1251,20,73,1,100,20,20,20,20,100,73,73,73,1,1,1,1,90,100,90,100
1252,20,73,1,100,20,20,20,20,100,73,73,73,1,1,1,1,90,100,90,100
1253,20,73,1,100,20,20,20,20,100,73,73,73,1,1,1,1,90,100,100,100
1254,20,73,1,100,20,20,20,20,100,73,73,73,1,1,1,1,90,100,90,90
1255,20,73,1,100,20,20,20,20,100,73,73,73,1,1,1,1,90,100,100,100
1256,20,73,1,100,20,20,20,20,100,73,73,73,1,1,1,1,90,90,100,100
1257,20,73,1,100,20,20,20,20,100,73,73,73,1,1,1,1,90,90,90,100
1258,20,73,1,100,20,20,20,20,100,73,73,73,1,1,1,1,90,100,90,90
1259,20,73,1,100,20,20,20,20,100,73,73,73,1,1,1,1,90,100,100,100
1260,20,73,1,100,20,20,20,20,100,73,73,73,1,1,1,1,90,100,100,100
1261,20,80,1,100,20,20,20,20,100,80,80,80,0,1,1,1,100,100,100,100
1262,20,80,1,100,20,20,20,20,100,80,80,80,0,1,1,1,100,100,100,100
1263,20,80,1,100,20,20,20,20,100,80,80,80,0,1,1,1,100,100,100,100
1264,20,80,1,100,20,20,20,20,100,80,80,80,0,1,1,1,100,100,100,100
1265,20,80,1,100,20,20,20,20,100,80,80,80,0,1,1,1,100,100,100,100
1266,20,80,1,100,20,20,20,20,100,80,80,80,0,1,1,1,100,100,100,100
1267,20,80,1,100,20,20,20,20,100,80,80,80,0,1,1,1,100,90,90,100
1268,20,80,1,100,20,20,20,20,100,80,80,80,0,1,1,1,100,100,90,100
1269,20,80,1,100,20,20,20,20,100,80,80,80,0,1,1,1,100,100,90,100
1270,20,80,1,100,20,20,20,20,100,80,80,80,0,1,1,1,100,100,90,100
1271,20,90,1,100,3,20,20,20,73,90,90,90,0,1,1,1,90,100,100,100
1272,20,90,1,100,3,20,20,20,73,90,90,100,0,1,1,1,90,100,100,100
1273,20,90,1,100,3,20,20,20,73,90,90,90,0,1,1,1,90,100,100,100
1274,20,90,1,100,3,20,20,20,73,90,90,90,0,1,1,1,90,100,100,100
1275,20,90,1,100,3,20,20,20,73,90,90,90,0,1,1,1,90,100,100,100
1276,20,90,1,100,3,20,20,20,73,90,90,90,0,1,1,1,90,100,100,100
1277,20,90,1,100,3,20,20,20,73,90,90,90,0,1,1,1,90,100,100,100
1278,20,90,1,100,3,20,20,20,73,90,90,90,0,1,1,1,90,100,100,100
1279,20,90,1,100,3,20,20,20,73,90,90,90,0,1,1,1,90,100,100,100
1280,20,90,1,100,3,20,20,20,73,90,90,90,0,1,1,1,90,100,100,100
1281,20,100,1,100,3,20,20,20,100,100,100,100,0,1,1,1,100,100,100,100
1282,20,100,1,100,3,20,20,20,100,90,100,100,0,1,1,1,100,90,100,100
1283,20,100,1,100,3,20,20,20,100,100,100,100,0,1,1,1,100,90,100,100
1284,20,100,1,100,3,20,20,20,100,100,100,100,0,1,1,1,100,100,100,100
1285,20,100,1,100,3,20,20,20,100,100,100,100,0,1,1,1,100,100,100,100
1286,20,100,1,100,3,20,20,20,100,100,100,100,0,1,1,1,100,100,100,100
1287,20,100,1,100,3,20,20,20,100,100,100,100,0,1,1,1,100,100,100,100
1288,20,100,1,100,3,20,20,20,100,100,100,100,0,1,1,1,100,100,100,100
1289,20,100,1,100,3,20,20,20,100,100,100,100,0,1,1,1,100,100,100,100
1290,20,100,1,100,3,20,20,20,100,100,100,100,0,1,1,1,100,100,100,100
1292,20,73,0,100,20,20,20,20,100,73,73,73,0,0,0,0,90,100,100,100
1293,20,73,0,100,20,20,20,20,100,73,73,73,0,0,0,0,90,100,100,100
1294,20,73,0,100,20,20,20,20,100,73,73,73,0,0,0,0,90,100,90,100
1295,20,73,0,100,20,20,20,20,100,73,73,73,0,0,0,0,90,100,90,90
1296,20,73,0,100,20,20,20,20,100,73,73,73,0,0,0,0,90,100,90,90
1297,20,73,0,100,20,20,20,20,100,73,73,73,0,0,0,0,90,100,100,100
1298,20,73,0,100,20,20,20,20,100,73,73,73,0,0,0,0,90,100,100,90
1299,20,73,0,100,20,20,20,20,100,73,73,73,0,0,0,0,90,100,100,100
1300,20,73,0,100,20,20,20,20,100,73,73,73,0,0,0,0,90,100,90,90
1301,20,73,0,100,20,20,20,20,100,73,73,73,0,0,0,0,90,100,100,100
1302,20,80,0,100,20,20,20,20,100,80,90,90,2,0,0,0,90,100,100,100
1303,20,80,0,100,20,20,20,20,100,80,90,90,2,0,0,0,90,100,100,100
1304,20,80,0,100,20,20,20,20,100,80,90,90,2,0,0,0,90,100,100,100
1305,20,80,0,100,20,20,20,20,100,80,90,90,2,0,0,0,90,100,100,100
1306,20,80,0,100,20,20,20,20,100,80,90,90,2,0,0,0,90,100,100,100
1307,20,80,0,100,20,20,20,20,100,80,90,90,2,0,0,0,90,100,100,100
1308,20,80,0,100,20,20,20,20,100,80,90,90,2,0,0,0,90,100,100,100
1309,20,80,0,100,20,20,20,20,100,80,90,90,2,0,0,0,90,100,100,100
1310,20,80,0,100,20,20,20,20,100,80,90,90,2,0,0,0,90,100,100,100
1311,20,80,0,100,20,20,20,20,100,80,90,90,2,0,0,0,90,100,100,100
1312,20,90,0,100,100,20,20,20,73,90,90,90,1,0,0,0,90,100,100,100
1313,20,90,0,100,100,20,20,20,73,90,90,90,1,0,0,0,90,100,100,100
1314,20,90,0,100,100,20,20,20,73,90,90,90,1,0,0,0,90,100,100,100
1315,20,90,0,100,100,20,20,20,73,90,90,90,1,0,0,0,90,100,100,100
1316,20,90,0,100,100,20,20,20,73,90,90,90,1,0,0,0,90,100,100,100
1317,20,90,0,100,100,20,20,20,73,90,90,90,1,0,0,0,90,100,100,100
1318,20,90,0,100,100,20,20,20,73,90,90,90,1,0,0,0,90,100,90,100
1319,20,90,0,100,100,20,20,20,73,100,90,90,1,0,0,0,90,100,90,100
1320,20,90,0,100,100,20,20,20,73,90,90,90,1,0,0,0,90,100,90,100
1321,20,90,0,100,100,20,20,20,73,90,90,90,1,0,0,0,90,100,90,100
1322,20,100,0,100,100,20,20,20,73,100,100,100,2,0,0,0,90,100,90,100
1323,20,100,0,100,100,20,20,20,73,100,100,100,2,0,0,0,90,100,90,100
1324,20,100,0,100,100,20,20,20,73,100,100,100,2,0,0,0,90,100,90,100
1325,20,100,0,100,100,20,20,20,73,100,100,100,2,0,0,0,90,100,90,100
1326,20,100,0,100,100,20,20,20,73,100,100,100,2,0,0,0,90,90,90,90
1327,20,100,0,100,100,20,20,20,73,100,100,100,2,0,0,0,90,115,90,100
1328,20,100,0,100,100,20,20,20,73,100,100,100,2,0,0,0,90,100,90,100
1329,20,100,0,100,100,20,20,20,73,100,100,100,2,0,0,0,90,100,90,100
1330,20,100,0,100,100,20,20,20,73,100,100,100,2,0,0,0,90,100,90,100
1331,20,100,0,100,100,20,20,20,73,100,100,100,2,0,0,0,90,90,90,90
1343,20,73,2,90,100,20,20,20,73,73,73,73,1,2,2,2,100,100,100,100
1344,20,73,2,90,100,20,20,20,73,73,73,73,1,2,2,2,100,90,100,100
1345,20,73,2,90,100,20,20,20,73,73,73,73,1,2,2,2,100,90,100,100
1346,20,73,2,90,100,20,20,20,73,73,73,73,1,2,2,2,100,90,100,100
1347,20,73,2,90,100,20,20,20,73,73,73,73,1,2,2,2,100,90,100,100
1348,20,73,2,90,100,20,20,20,73,73,73,73,1,2,2,2,100,90,100,100
1349,20,73,2,90,100,20,20,20,73,73,73,73,1,2,2,2,100,90,100,100
1350,20,73,2,90,100,20,20,20,73,73,73,73,1,2,2,2,100,90,100,100
1351,20,73,2,90,100,20,20,20,73,73,73,73,1,2,2,2,100,90,100,100
1352,20,73,2,90,100,20,20,20,73,73,73,73,1,2,2,2,100,90,100,90
1353,20,80,2,90,20,20,20,20,73,80,80,80,0,2,2,2,100,100,100,90
1354,20,80,2,90,20,20,20,20,73,80,80,80,0,2,2,2,100,90,90,90
1355,20,80,2,90,20,20,20,20,73,80,80,80,0,2,2,2,100,90,90,90
1356,20,80,2,90,20,20,20,20,73,80,80,80,0,2,2,2,100,90,90,90
1357,20,80,2,90,20,20,20,20,73,80,80,80,0,2,2,2,100,90,90,90
1358,20,80,2,90,20,20,20,20,73,80,80,80,0,2,2,2,100,100,90,90
1359,20,80,2,90,20,20,20,20,73,73,80,80,0,2,2,2,100,90,90,90
1360,20,80,2,90,20,20,20,20,73,80,80,80,0,2,2,2,100,90,90,90
1361,20,80,2,90,20,20,20,20,73,80,80,80,0,2,2,2,100,100,90,90
1362,20,80,2,90,20,20,20,20,73,80,80,80,0,2,2,2,100,90,90,90
1363,20,90,2,90,3,20,20,20,100,90,80,90,0,2,2,2,90,90,90,90
1364,20,90,2,90,3,20,20,20,100,90,90,90,0,2,2,2,90,90,90,90
1365,20,90,2,90,3,20,20,20,100,90,90,90,0,2,2,2,90,90,90,90
1366,20,90,2,90,3,20,20,20,100,90,90,90,0,2,2,2,90,90,90,90
1367,20,90,2,90,3,20,20,20,100,90,90,90,0,2,2,2,90,90,90,90
1368,20,90,2,90,3,20,20,20,100,100,90,90,0,2,2,2,90,90,90,90
1369,20,90,2,90,3,20,20,20,100,90,90,90,0,2,2,2,90,90,90,90
1370,20,90,2,90,3,20,20,20,100,90,90,90,0,2,2,2,90,90,90,90
1371,20,90,2,90,3,20,20,20,100,90,90,90,0,2,2,2,90,90,90,90
1372,20,90,2,90,3,20,20,20,100,90,90,90,0,2,2,2,90,90,90,90
1373,20,100,2,90,20,20,20,20,100,100,100,90,0,2,2,2,90,100,90,90
1374,20,100,2,90,20,20,20,20,100,100,100,90,0,2,2,2,90,90,90,90
1375,20,100,2,90,20,20,20,20,100,100,90,90,0,2,2,2,90,90,90,90
1376,20,100,2,90,20,20,20,20,100,100,90,90,0,2,2,2,90,90,90,90
1377,20,100,2,90,20,20,20,20,100,100,100,100,0,2,2,2,90,90,90,90
1378,20,100,2,90,20,20,20,20,100,90,100,90,0,2,2,2,90,90,90,90
1379,20,100,2,90,20,20,20,20,100,100,90,90,0,2,2,2,90,90,90,90
1380,20,100,2,90,20,20,20,20,100,100,90,90,0,2,2,2,90,90,90,90
1381,20,100,2,90,20,20,20,20,100,100,100,90,0,2,2,2,90,90,90,90
1382,20,100,2,90,20,20,20,20,100,100,100,100,0,2,2,2,90,100,90,90
1384,20,73,1,90,100,20,20,20,100,73,73,73,2,1,1,1,90,90,90,90
1385,20,73,1,90,100,20,20,20,100,73,73,73,2,1,1,1,90,90,90,90
1386,20,73,1,90,100,20,20,20,100,73,73,73,2,1,1,1,90,100,90,90
1387,20,73,1,90,100,20,20,20,100,80,73,73,2,1,1,1,90,90,90,90
1388,20,73,1,90,100,20,20,20,100,73,73,73,2,1,1,1,90,90,90,90
1389,20,73,1,90,100,20,20,20,100,73,73,73,2,1,1,1,90,90,90,90
1390,20,73,1,90,100,20,20,20,100,73,73,73,2,1,1,1,90,90,90,90
1391,20,73,1,90,100,20,20,20,100,73,73,73,2,1,1,1,90,90,90,90
1392,20,73,1,90,100,20,20,20,100,73,73,73,2,1,1,1,90,90,90,90
1393,20,73,1,90,100,20,20,20,100,73,73,73,2,1,1,1,90,90,90,90
1394,20,80,1,90,100,20,20,20,100,80,80,80,2,1,1,1,90,90,90,90
1395,20,80,1,90,100,20,20,20,100,80,80,80,2,1,1,1,90,90,90,90
1396,20,80,1,90,100,20,20,20,100,73,80,80,2,1,1,1,90,90,90,90
1397,20,80,1,90,100,20,20,20,100,80,80,80,2,1,1,1,90,90,90,90
1398,20,80,1,90,100,20,20,20,100,80,80,80,2,1,1,1,90,90,90,90
1399,20,80,1,90,100,20,20,20,100,80,80,80,2,1,1,1,90,90,90,90
1400,20,80,1,90,100,20,20,20,100,80,80,80,2,1,1,1,90,90,90,90
1401,20,80,1,90,100,20,20,20,100,80,80,80,2,1,1,1,90,90,90,90
1402,20,80,1,90,100,20,20,20,100,80,80,80,2,1,1,1,90,90,90,90
1403,20,80,1,90,100,20,20,20,100,80,80,80,2,1,1,1,90,90,90,90
1404,20,90,1,90,3,20,20,20,73,90,90,90,0,1,1,1,90,90,90,90
1405,20,90,1,90,3,20,20,20,73,90,90,90,0,1,1,1,90,90,90,90
1406,20,90,1,90,3,20,20,20,73,90,90,90,0,1,1,1,90,90,100,90
1407,20,90,1,90,3,20,20,20,73,90,90,90,0,1,1,1,90,90,90,90
1408,20,90,1,90,3,20,20,20,73,90,90,90,0,1,1,1,90,90,100,100
1409,20,90,1,90,3,20,20,20,73,90,90,90,0,1,1,1,90,90,100,100
1410,20,90,1,90,3,20,20,20,73,90,90,90,0,1,1,1,90,90,100,100
1411,20,90,1,90,3,20,20,20,73,90,90,90,0,1,1,1,90,90,100,100
1412,20,90,1,90,3,20,20,20,73,90,90,90,0,1,1,1,90,90,100,100
1413,20,90,1,90,3,20,20,20,73,90,90,90,0,1,1,1,90,90,100,100
1414,20,100,1,90,20,20,20,20,100,100,100,100,1,1,1,1,90,90,100,100
1415,20,100,1,90,20,20,20,20,100,100,100,100,1,1,1,1,90,90,100,100
1416,20,100,1,90,20,20,20,20,100,100,100,100,1,1,1,1,90,90,100,100
1417,20,100,1,90,20,20,20,20,100,100,100,100,1,1,1,1,90,90,100,100
1418,20,100,1,90,20,20,20,20,100,100,100,100,1,1,1,1,90,90,100,100
1419,20,100,1,90,20,20,20,20,100,100,100,100,1,1,1,1,90,90,100,100
1420,20,100,1,90,20,20,20,20,100,100,100,100,1,1,1,1,90,90,100,100
1421,20,100,1,90,20,20,20,20,100,100,100,100,1,1,1,1,90,90,100,100
1422,20,100,1,90,20,20,20,20,100,100,100,90,1,1,1,1,90,90,100,100
1423,20,100,1,90,20,20,20,20,100,100,100,100,1,1,1,1,90,100,100,100
1425,20,73,0,90,100,20,20,20,100,73,73,73,0,0,0,0,90,90,100,100
1426,20,73,0,90,100,20,20,20,100,73,73,73,0,0,0,0,90,90,100,100
1427,20,73,0,90,100,20,20,20,100,73,73,73,0,0,0,0,90,90,100,100
1428,20,73,0,90,100,20,20,20,100,73,73,73,0,0,0,0,90,90,100,100
1429,20,73,0,90,100,20,20,20,100,73,73,73,0,0,0,0,90,90,100,100
1430,20,73,0,90,100,20,20,20,100,73,73,73,0,0,0,0,90,90,100,100
1431,20,73,0,90,100,20,20,20,100,73,73,73,0,0,0,0,90,90,100,100
1432,20,73,0,90,100,20,20,20,100,73,73,73,0,0,0,0,90,90,90,90
1433,20,73,0,90,100,20,20,20,100,73,73,73,0,0,0,0,90,90,90,90
1434,20,73,0,90,100,20,20,20,100,73,73,73,0,0,0,0,90,90,90,90
1435,20,80,0,90,3,20,20,20,100,80,80,90,1,0,0,0,100,90,90,90
1436,20,80,0,90,3,20,20,20,100,80,73,90,1,0,0,0,100,90,90,90
1437,20,80,0,90,3,20,20,20,100,73,73,73,1,0,0,0,100,90,115,90
1438,20,80,0,90,3,20,20,20,100,80,80,90,1,0,0,0,100,90,90,90
1439,20,80,0,90,3,20,20,20,100,80,80,90,1,0,0,0,100,90,90,90
1440,20,80,0,90,3,20,20,20,100,80,90,90,1,0,0,0,100,90,90,90
1441,20,80,0,90,3,20,20,20,100,73,73,90,1,0,0,0,100,90,90,90
1442,20,80,0,90,3,20,20,20,100,73,73,90,1,0,0,0,100,90,90,90
1443,20,80,0,90,3,20,20,20,100,73,73,90,1,0,0,0,100,90,90,90
1444,20,80,0,90,3,20,20,20,100,80,80,90,1,0,0,0,100,90,90,90
1445,20,90,0,90,20,20,20,20,73,100,80,80,0,0,0,0,90,100,90,90
1446,20,90,0,90,20,20,20,20,73,100,90,90,0,0,0,0,90,100,90,90
1447,20,90,0,90,20,20,20,20,73,100,90,90,0,0,0,0,90,100,90,90
1448,20,90,0,90,20,20,20,20,73,100,90,90,0,0,0,0,90,90,90,90
1449,20,90,0,90,20,20,20,20,73,90,90,90,0,0,0,0,90,100,90,90
1450,20,90,0,90,20,20,20,20,73,100,80,90,0,0,0,0,90,90,90,90
1451,20,90,0,90,20,20,20,20,73,100,90,90,0,0,0,0,90,90,90,90
1452,20,90,0,90,20,20,20,20,73,100,90,90,0,0,0,0,90,90,90,90
1453,20,90,0,90,20,20,20,20,73,90,90,90,0,0,0,0,90,90,90,90
1454,20,90,0,90,20,20,20,20,73,80,80,80,0,0,0,0,90,90,90,90
1455,20,100,0,90,20,20,20,20,100,100,100,100,1,0,0,0,90,100,90,90
1456,20,100,0,90,20,20,20,20,100,100,100,90,1,0,0,0,90,90,90,90
1457,20,100,0,90,20,20,20,20,100,100,100,90,1,0,0,0,90,90,90,90
1458,20,100,0,90,20,20,20,20,100,100,100,100,1,0,0,0,90,90,90,90
1459,20,100,0,90,20,20,20,20,100,100,100,100,1,0,0,0,90,90,90,90
1460,20,100,0,90,20,20,20,20,100,100,100,100,1,0,0,0,90,90,90,90
1461,20,100,0,90,20,20,20,20,100,100,100,100,1,0,0,0,90,90,90,90
1462,20,100,0,90,20,20,20,20,100,100,100,100,1,0,0,0,90,90,90,90
1463,20,100,0,90,20,20,20,20,100,100,100,100,1,0,0,0,90,90,90,90
1464,20,100,0,90,20,20,20,20,100,100,100,100,1,0,0,0,90,90,90,90
1676,100,73,2,130,3,100,100,100,73,73,73,73,2,2,2,2,90,115,130,130
1677,100,73,2,130,3,100,100,100,73,73,73,73,2,2,2,2,90,130,130,130
1678,100,73,2,130,3,100,100,100,73,73,73,73,2,2,2,2,90,100,130,130
1679,100,73,2,130,3,100,100,100,73,73,73,73,2,2,2,2,90,100,130,130
1680,100,73,2,130,3,100,100,100,73,80,73,73,2,2,2,2,90,100,130,130
1681,100,73,2,130,3,100,100,100,73,73,73,73,2,2,2,2,90,130,130,130
1682,100,73,2,130,3,100,100,100,73,73,73,73,2,2,2,2,90,130,130,130
1683,100,73,2,130,3,100,100,100,73,73,73,73,2,2,2,2,90,115,130,130
1684,100,73,2,130,3,100,100,100,73,73,73,73,2,2,2,2,90,130,130,130
1685,100,73,2,130,3,100,100,100,73,73,73,73,2,2,2,2,90,130,130,130
1686,100,80,2,130,100,100,100,100,73,80,80,90,0,2,2,2,90,130,130,130
1687,100,80,2,130,100,100,100,100,73,80,80,90,0,2,2,2,90,130,130,130
1688,100,80,2,130,100,100,100,100,73,80,90,90,0,2,2,2,90,130,130,130
1689,100,80,2,130,100,100,100,100,73,80,90,90,0,2,2,2,90,130,130,130
1690,100,80,2,130,100,100,100,100,73,80,80,90,0,2,2,2,90,130,130,130
1691,100,80,2,130,100,100,100,100,73,80,90,90,0,2,2,2,90,130,130,130
1692,100,80,2,130,100,100,100,100,73,90,90,90,0,2,2,2,90,130,130,130
1693,100,80,2,130,100,100,100,100,73,80,80,90,0,2,2,2,90,130,130,130
1694,100,80,2,130,100,100,100,100,73,80,80,90,0,2,2,2,90,130,130,130
1695,100,80,2,130,100,100,100,100,73,80,90,90,0,2,2,2,90,130,130,130
1696,100,90,2,130,3,100,100,100,100,90,100,80,2,2,2,2,100,130,130,130
1697,100,90,2,130,3,100,100,100,100,90,90,80,2,2,2,2,100,130,130,130
1698,100,90,2,130,3,100,100,100,100,100,100,80,2,2,2,2,100,130,130,130
1699,100,90,2,130,3,100,100,100,100,90,90,80,2,2,2,2,100,130,130,130
1700,100,90,2,130,3,100,100,100,100,100,100,80,2,2,2,2,100,130,130,130
1701,100,90,2,130,3,100,100,100,100,100,100,100,2,2,2,2,100,130,130,130
1702,100,90,2,130,3,100,100,100,100,100,100,80,2,2,2,2,100,130,130,130
1703,100,90,2,130,3,100,100,100,100,90,100,80,2,2,2,2,100,130,130,130
1704,100,90,2,130,3,100,100,100,100,90,90,80,2,2,2,2,100,130,130,130
1705,100,90,2,130,3,100,100,100,100,90,90,80,2,2,2,2,100,130,130,130
1706,100,100,2,130,3,100,100,100,100,100,100,100,2,2,2,2,90,130,130,130
1707,100,100,2,130,3,100,100,100,100,90,100,100,2,2,2,2,90,115,130,130
1708,100,100,2,130,3,100,100,100,100,100,100,100,2,2,2,2,90,130,130,130
1709,100,100,2,130,3,100,100,100,100,100,100,100,2,2,2,2,90,115,130,130
1710,100,100,2,130,3,100,100,100,100,100,100,100,2,2,2,2,90,130,130,130
1711,100,100,2,130,3,100,100,100,100,90,100,100,2,2,2,2,90,115,130,130
1712,100,100,2,130,3,100,100,100,100,100,100,100,2,2,2,2,90,115,130,130
1713,100,100,2,130,3,100,100,100,100,90,100,100,2,2,2,2,90,115,130,130
1714,100,100,2,130,3,100,100,100,100,100,100,100,2,2,2,2,90,115,130,130
1715,100,100,2,130,3,100,100,100,100,100,100,100,2,2,2,2,90,115,130,130
1717,100,73,1,130,20,100,100,100,100,73,73,73,0,1,1,1,90,115,130,130
1718,100,73,1,130,20,100,100,100,100,73,73,73,0,1,1,1,90,115,130,130
1719,100,73,1,130,20,100,100,100,100,73,73,73,0,1,1,1,90,130,130,130
1720,100,73,1,130,20,100,100,100,100,73,73,73,0,2,1,1,90,115,130,130
1721,100,73,1,130,20,100,100,100,100,73,73,73,0,1,1,1,90,115,130,130
1722,100,73,1,130,20,100,100,100,100,73,73,73,0,1,1,1,90,130,130,130
1723,100,73,1,130,20,100,100,100,100,73,73,73,0,1,1,1,90,115,130,130
1724,100,73,1,130,20,100,100,100,100,73,80,73,0,1,1,1,90,115,130,130
1725,100,73,1,130,20,100,100,100,100,73,73,73,0,0,1,1,90,115,130,130
1726,100,73,1,130,20,100,100,100,100,73,80,80,0,1,1,1,90,130,130,130
1727,100,80,1,130,3,100,100,100,100,80,90,90,1,1,1,1,90,130,130,130
1728,100,80,1,130,3,100,100,100,100,90,90,90,1,1,1,1,90,115,130,130
1729,100,80,1,130,3,100,100,100,100,80,80,90,1,1,1,1,90,115,130,130
1730,100,80,1,130,3,100,100,100,100,80,80,90,1,1,1,1,90,115,130,130
1731,100,80,1,130,3,100,100,100,100,73,90,90,1,1,1,1,90,130,130,130
1732,100,80,1,130,3,100,100,100,100,80,80,90,1,1,1,1,90,115,130,130
1733,100,80,1,130,3,100,100,100,100,80,90,90,1,1,1,1,90,130,130,130
1734,100,80,1,130,3,100,100,100,100,80,80,90,1,1,1,1,90,115,130,130
1735,100,80,1,130,3,100,100,100,100,80,90,90,1,1,1,1,90,130,130,130
1736,100,80,1,130,3,100,100,100,100,73,90,90,1,1,1,1,90,130,130,130
1737,100,90,1,130,3,100,100,100,100,100,100,100,1,1,1,1,90,130,130,130
1738,100,90,1,130,3,100,100,100,100,100,100,100,1,1,1,1,90,130,130,130
1739,100,90,1,130,3,100,100,100,100,90,90,100,1,1,1,1,90,115,130,130
1740,100,90,1,130,3,100,100,100,100,100,100,100,1,1,1,1,90,115,130,130
1741,100,90,1,130,3,100,100,100,100,90,90,90,1,1,1,1,90,115,130,130
1742,100,90,1,130,3,100,100,100,100,100,100,100,1,1,1,1,90,115,130,130
1743,100,90,1,130,3,100,100,100,100,90,90,90,1,1,1,1,90,115,130,130
1744,100,90,1,130,3,100,100,100,100,100,100,100,1,1,1,1,90,130,130,130
1745,100,90,1,130,3,100,100,100,100,90,90,90,1,1,1,1,90,115,130,130
1746,100,90,1,130,3,100,100,100,100,90,90,90,1,1,1,1,90,115,130,130
1747,100,100,1,130,3,100,100,100,73,100,90,90,1,1,1,1,90,115,130,130
1748,100,100,1,130,3,100,100,100,73,100,100,100,1,1,1,1,90,115,130,130
1749,100,100,1,130,3,100,100,100,73,100,100,100,1,1,1,1,90,130,130,130
1750,100,100,1,130,3,100,100,100,73,100,100,100,1,1,1,1,90,115,130,130
1751,100,100,1,130,3,100,100,100,73,100,100,100,1,1,1,1,90,130,130,130
1752,100,100,1,130,3,100,100,100,73,100,100,100,1,1,1,1,90,115,130,130
1753,100,100,1,130,3,100,100,100,73,90,90,100,1,1,1,1,90,115,130,130
1754,100,100,1,130,3,100,100,100,73,100,100,100,1,1,1,1,90,115,130,130
1755,100,100,1,130,3,100,100,100,73,90,100,100,1,1,1,1,90,115,130,130
1756,100,100,1,130,3,100,100,100,73,100,100,100,1,1,1,1,90,115,130,130
1758,100,73,0,130,20,100,100,100,100,73,73,73,1,0,0,0,100,115,130,130
1759,100,73,0,130,20,100,100,100,100,73,73,73,1,0,0,0,100,130,130,130
1760,100,73,0,130,20,100,100,100,100,73,73,73,1,0,0,0,100,130,130,130
1761,100,73,0,130,20,100,100,100,100,73,73,73,1,0,0,0,100,115,130,130
1762,100,73,0,130,20,100,100,100,100,73,73,73,1,0,0,0,100,115,130,130
1763,100,73,0,130,20,100,100,100,100,73,73,73,1,0,0,0,100,115,115,115
1764,100,73,0,130,20,100,100,100,100,73,73,73,1,0,0,0,100,130,115,115
1765,100,73,0,130,20,100,100,100,100,73,73,73,1,0,0,0,100,115,115,115
1766,100,73,0,130,20,100,100,100,100,73,73,73,1,0,0,0,100,130,130,115
1767,100,73,0,130,20,100,100,100,100,73,73,73,1,0,0,0,100,130,115,115
1768,100,80,0,130,3,100,100,100,73,80,80,80,0,0,0,0,90,130,130,130
1769,100,80,0,130,3,100,100,100,73,80,80,80,0,0,0,0,90,130,130,130
1770,100,80,0,130,3,100,100,100,73,80,80,80,0,0,0,0,90,100,130,130
1771,100,80,0,130,3,100,100,100,73,80,80,80,0,0,0,0,90,130,130,130
1772,100,80,0,130,3,100,100,100,73,80,80,80,0,0,0,0,90,130,130,130
1773,100,80,0,130,3,100,100,100,73,80,80,80,0,0,0,0,90,115,130,130
1774,100,80,0,130,3,100,100,100,73,80,80,90,0,0,0,0,90,130,130,130
1775,100,80,0,130,3,100,100,100,73,80,80,80,0,0,0,0,90,100,115,115
1776,100,80,0,130,3,100,100,100,73,80,80,80,0,0,0,0,90,115,115,115
1777,100,80,0,130,3,100,100,100,73,80,80,80,0,0,0,0,90,130,130,130
1778,100,90,0,130,100,100,100,100,73,90,90,90,1,0,0,0,90,115,115,130
1779,100,90,0,130,100,100,100,100,73,90,90,90,1,0,0,0,90,115,130,130
1780,100,90,0,130,100,100,100,100,73,100,90,90,1,0,0,0,90,115,130,130
1781,100,90,0,130,100,100,100,100,73,90,90,90,1,0,0,0,90,130,130,130
1782,100,90,0,130,100,100,100,100,73,100,90,100,1,0,0,0,90,115,130,130
1783,100,90,0,130,100,100,100,100,73,90,90,90,1,0,0,0,90,130,130,130
1784,100,90,0,130,100,100,100,100,73,100,90,100,1,0,0,0,90,130,130,130
1785,100,90,0,130,100,100,100,100,73,90,90,90,1,0,0,0,90,130,130,130
1786,100,90,0,130,100,100,100,100,73,90,90,90,1,0,0,0,90,130,130,130
1787,100,90,0,130,100,100,100,100,73,100,90,100,1,0,0,0,90,115,130,130
1788,100,100,0,130,20,100,100,100,100,100,100,100,1,0,0,0,100,115,130,130
1789,100,100,0,130,20,100,100,100,100,100,90,90,1,0,0,0,100,130,130,130
1790,100,100,0,130,20,100,100,100,100,90,100,100,1,0,0,0,100,130,130,130
1791,100,100,0,130,20,100,100,100,100,90,100,100,1,0,0,0,100,130,130,130
1792,100,100,0,130,20,100,100,100,100,100,100,100,1,0,0,0,100,130,130,130
1793,100,100,0,130,20,100,100,100,100,100,100,100,1,0,0,0,100,130,130,130
1794,100,100,0,130,20,100,100,100,100,100,100,100,1,0,0,0,100,130,115,115
1795,100,100,0,130,20,100,100,100,100,100,100,100,1,0,0,0,100,130,130,115
1796,100,100,0,130,20,100,100,100,100,100,100,100,1,0,0,0,100,130,130,115
1797,100,100,0,130,20,100,100,100,100,100,100,100,1,0,0,0,100,130,130,115
1809,100,73,2,115,20,100,100,100,100,73,73,73,1,2,2,2,90,100,115,100
1810,100,73,2,115,20,100,100,100,100,73,73,73,1,2,2,2,90,100,115,100
1811,100,73,2,115,20,100,100,100,100,73,73,73,1,2,2,2,90,115,115,100
1812,100,73,2,115,20,100,100,100,100,73,73,73,1,2,2,2,90,100,115,100
1813,100,73,2,115,20,100,100,100,100,73,73,73,1,2,2,2,90,130,115,100
1814,100,73,2,115,20,100,100,100,100,73,73,73,1,2,2,2,90,115,115,100
1815,100,73,2,115,20,100,100,100,100,73,73,73,1,2,2,2,90,100,115,100
1816,100,73,2,115,20,100,100,100,100,73,73,73,1,2,2,2,90,130,115,100
1817,100,73,2,115,20,100,100,100,100,73,73,73,1,2,2,2,90,100,115,100
1818,100,73,2,115,20,100,100,100,100,73,73,73,1,2,2,2,90,100,115,100
1819,100,80,2,115,20,100,100,100,100,80,80,80,1,2,2,2,90,100,115,100
1820,100,80,2,115,20,100,100,100,100,80,80,80,1,2,2,2,90,130,115,100
1821,100,80,2,115,20,100,100,100,100,80,80,80,1,2,2,2,90,100,115,100
1822,100,80,2,115,20,100,100,100,100,80,80,80,1,2,2,2,90,130,115,100
1823,100,80,2,115,20,100,100,100,100,80,80,80,1,2,2,2,90,100,115,100
1824,100,80,2,115,20,100,100,100,100,80,80,80,1,2,2,2,90,100,115,115
1825,100,80,2,115,20,100,100,100,100,80,80,80,1,2,2,2,90,130,115,115
1826,100,80,2,115,20,100,100,100,100,80,80,80,1,2,2,2,90,115,115,100
1827,100,80,2,115,20,100,100,100,100,80,80,80,1,2,2,2,90,130,115,100
1828,100,80,2,115,20,100,100,100,100,80,80,80,1,2,2,2,90,100,115,115
1829,100,90,2,115,20,100,100,100,100,90,90,90,0,2,2,2,90,100,115,115
1830,100,90,2,115,20,100,100,100,100,100,100,100,0,2,2,2,90,115,115,115
1831,100,90,2,115,20,100,100,100,100,90,90,90,0,2,2,2,90,115,115,115
1832,100,90,2,115,20,100,100,100,100,100,100,100,0,1,2,2,90,130,115,115
1833,100,90,2,115,20,100,100,100,100,90,90,90,0,2,2,2,90,130,115,115
1834,100,90,2,115,20,100,100,100,100,90,90,90,0,2,2,2,90,115,115,115
1835,100,90,2,115,20,100,100,100,100,100,100,100,0,2,2,2,90,100,115,115
1836,100,90,2,115,20,100,100,100,100,90,100,100,0,2,2,2,90,130,115,115
1837,100,90,2,115,20,100,100,100,100,100,100,100,0,2,2,2,90,130,115,115
1838,100,90,2,115,20,100,100,100,100,90,100,100,0,2,2,2,90,130,115,115
1839,100,100,2,115,3,100,100,100,100,100,90,100,1,2,2,2,100,130,115,115
1840,100,100,2,115,3,100,100,100,100,100,100,100,1,2,2,2,100,130,115,115
1841,100,100,2,115,3,100,100,100,100,100,100,100,1,2,2,2,100,100,115,100
1842,100,100,2,115,3,100,100,100,100,100,100,100,1,2,2,2,100,130,115,115
1843,100,100,2,115,3,100,100,100,100,90,90,90,1,2,2,2,100,100,115,115
1844,100,100,2,115,3,100,100,100,100,100,100,100,1,2,2,2,100,130,115,115
1845,100,100,2,115,3,100,100,100,100,100,100,100,1,2,2,2,100,130,115,115
1846,100,100,2,115,3,100,100,100,100,100,100,100,1,2,2,2,100,130,115,115
1847,100,100,2,115,3,100,100,100,100,100,100,100,1,2,2,2,100,100,115,115
1848,100,100,2,115,3,100,100,100,100,90,90,100,1,2,2,2,100,115,115,115
1850,100,73,1,115,20,100,100,100,100,73,73,73,1,1,1,1,100,115,115,115
1851,100,73,1,115,20,100,100,100,100,73,73,73,1,1,1,1,100,100,115,115
1852,100,73,1,115,20,100,100,100,100,73,73,73,1,1,1,1,100,115,115,115
1853,100,73,1,115,20,100,100,100,100,73,73,73,1,1,1,1,100,130,115,115
1854,100,73,1,115,20,100,100,100,100,73,73,73,1,1,1,1,100,115,115,115
1855,100,73,1,115,20,100,100,100,100,73,73,73,1,1,1,1,100,115,115,115
1856,100,73,1,115,20,100,100,100,100,73,73,73,1,1,1,1,100,100,115,115
1857,100,73,1,115,20,100,100,100,100,73,73,73,1,1,1,1,100,115,115,115
1858,100,73,1,115,20,100,100,100,100,73,73,73,1,1,1,1,100,115,115,115
1859,100,73,1,115,20,100,100,100,100,73,73,73,1,1,1,1,100,115,115,115
1860,100,80,1,115,3,100,100,100,100,80,80,80,2,1,1,1,90,130,115,115
1861,100,80,1,115,3,100,100,100,100,80,80,80,2,1,1,1,90,115,115,115
1862,100,80,1,115,3,100,100,100,100,80,80,80,2,1,1,1,90,115,115,115
1863,100,80,1,115,3,100,100,100,100,80,80,80,2,1,1,1,90,130,115,115
1864,100,80,1,115,3,100,100,100,100,80,80,80,2,1,1,1,90,100,115,115
1865,100,80,1,115,3,100,100,100,100,80,80,80,2,1,1,1,90,130,115,115
1866,100,80,1,115,3,100,100,100,100,80,80,80,2,1,1,1,90,115,115,115
1867,100,80,1,115,3,100,100,100,100,80,80,80,2,1,1,1,90,115,115,115
1868,100,80,1,115,3,100,100,100,100,80,80,80,2,1,1,1,90,115,115,115
1869,100,80,1,115,3,100,100,100,100,80,80,80,2,1,1,1,90,115,115,115
1870,100,90,1,115,20,100,100,100,100,90,90,90,1,1,1,1,100,115,115,115
1871,100,90,1,115,20,100,100,100,100,90,90,90,1,1,1,1,100,130,115,115
1872,100,90,1,115,20,100,100,100,100,90,90,90,1,1,1,1,100,100,115,115
1873,100,90,1,115,20,100,100,100,100,90,90,90,1,1,1,1,100,115,115,115
1874,100,90,1,115,20,100,100,100,100,90,90,90,1,1,1,1,100,115,115,115
1875,100,90,1,115,20,100,100,100,100,90,90,100,1,1,1,1,100,115,115,115
1876,100,90,1,115,20,100,100,100,100,90,90,90,1,1,1,1,100,115,115,115
1877,100,90,1,115,20,100,100,100,100,90,90,90,1,1,1,1,100,115,115,115
1878,100,90,1,115,20,100,100,100,100,90,90,90,1,1,1,1,100,130,115,115
1879,100,90,1,115,20,100,100,100,100,90,90,90,1,1,1,1,100,100,115,115
1880,100,100,1,115,100,100,100,100,73,100,100,100,0,1,1,1,90,115,115,115
1881,100,100,1,115,100,100,100,100,73,100,100,100,0,1,1,1,90,115,115,115
1882,100,100,1,115,100,100,100,100,73,100,100,100,0,1,1,1,90,115,115,115
1883,100,100,1,115,100,100,100,100,73,100,100,100,0,1,1,1,90,115,115,115
1884,100,100,1,115,100,100,100,100,73,100,100,100,0,1,1,1,90,115,115,115
1885,100,100,1,115,100,100,100,100,73,100,100,100,0,1,1,1,90,115,115,115
1886,100,100,1,115,100,100,100,100,73,100,100,100,0,1,1,1,90,115,115,115
1887,100,100,1,115,100,100,100,100,73,100,100,100,0,1,1,1,90,130,115,115
1888,100,100,1,115,100,100,100,100,73,100,100,100,0,1,1,1,90,115,115,115
1889,100,100,1,115,100,100,100,100,73,100,100,100,0,1,1,1,90,115,115,115
1891,100,73,0,115,3,100,100,100,73,73,73,73,2,0,0,0,90,115,115,130
1892,100,73,0,115,3,100,100,100,73,73,73,73,2,0,0,0,90,130,130,130
1893,100,73,0,115,3,100,100,100,73,73,73,73,2,0,0,0,90,115,130,130
1894,100,73,0,115,3,100,100,100,73,73,73,73,2,0,0,0,90,130,115,130
1895,100,73,0,115,3,100,100,100,73,73,73,73,2,0,0,0,90,115,130,130
1896,100,73,0,115,3,100,100,100,73,73,73,73,2,0,0,0,90,100,130,130
1897,100,73,0,115,3,100,100,100,73,73,73,73,2,0,0,0,90,130,130,130
1898,100,73,0,115,3,100,100,100,73,73,73,73,2,0,0,0,90,130,130,130
1899,100,73,0,115,3,100,100,100,73,73,73,73,2,0,0,0,90,130,130,130
1900,100,73,0,115,3,100,100,100,73,73,73,73,2,0,0,0,90,115,130,130
1901,100,80,0,115,3,100,100,100,73,80,80,80,0,0,0,0,90,115,115,130
1902,100,80,0,115,3,100,100,100,73,80,80,80,0,0,0,0,90,115,130,130
1903,100,80,0,115,3,100,100,100,73,90,80,80,0,0,0,0,90,115,115,115
1904,100,80,0,115,3,100,100,100,73,90,80,80,0,0,0,0,90,115,115,115
1905,100,80,0,115,3,100,100,100,73,90,80,80,0,0,0,0,90,115,115,130
1906,100,80,0,115,3,100,100,100,73,90,80,80,0,0,0,0,90,115,130,130
1907,100,80,0,115,3,100,100,100,73,90,80,80,0,0,0,0,90,115,130,130
1908,100,80,0,115,3,100,100,100,73,90,80,80,0,0,0,0,90,115,115,115
1909,100,80,0,115,3,100,100,100,73,90,80,80,0,0,0,0,90,115,115,115
1910,100,80,0,115,3,100,100,100,73,90,80,80,0,0,0,0,90,115,115,115
1911,100,90,0,115,3,100,100,100,73,100,90,90,2,0,0,0,100,115,115,115
1912,100,90,0,115,3,100,100,100,73,90,90,90,2,0,0,0,100,115,115,115
1913,100,90,0,115,3,100,100,100,73,80,90,90,2,0,0,0,100,115,115,115
1914,100,90,0,115,3,100,100,100,73,90,90,90,2,0,0,0,100,115,115,115
1915,100,90,0,115,3,100,100,100,73,90,90,90,2,0,0,0,100,115,115,115
1916,100,90,0,115,3,100,100,100,73,90,90,90,2,0,0,0,100,115,115,115
1917,100,90,0,115,3,100,100,100,73,90,90,90,2,0,0,0,100,115,115,115
1918,100,90,0,115,3,100,100,100,73,90,90,90,2,0,0,0,100,115,115,115
1919,100,90,0,115,3,100,100,100,73,100,90,90,2,0,0,0,100,115,115,115
1920,100,90,0,115,3,100,100,100,73,90,90,90,2,0,0,0,100,130,115,115
1921,100,100,0,115,20,100,100,100,73,100,100,100,1,0,0,0,90,115,115,115
1922,100,100,0,115,20,100,100,100,73,90,100,100,1,0,0,0,90,115,115,115
1923,100,100,0,115,20,100,100,100,73,100,100,100,1,0,0,0,90,115,100,115
1924,100,100,0,115,20,100,100,100,73,100,100,100,1,0,0,0,90,115,100,130
1925,100,100,0,115,20,100,100,100,73,100,100,100,1,0,0,0,90,130,100,130
1926,100,100,0,115,20,100,100,100,73,100,100,100,1,0,0,0,90,100,100,100
1927,100,100,0,115,20,100,100,100,73,100,100,100,1,0,0,0,90,130,100,100
1928,100,100,0,115,20,100,100,100,73,100,100,100,1,0,0,0,90,130,100,130
1929,100,100,0,115,20,100,100,100,73,100,100,100,1,0,0,0,90,100,100,130
1930,100,100,0,115,20,100,100,100,73,100,100,100,1,0,0,0,90,100,100,100
1942,100,73,2,100,3,100,100,100,100,73,73,73,0,2,2,2,90,100,100,100
1943,100,73,2,100,3,100,100,100,100,73,73,73,0,2,2,2,90,100,100,100
1944,100,73,2,100,3,100,100,100,100,73,73,73,0,2,2,2,90,100,100,100
1945,100,73,2,100,3,100,100,100,100,73,73,73,0,2,2,2,90,100,115,115
1946,100,73,2,100,3,100,100,100,100,73,73,73,0,2,2,2,90,130,115,115
1947,100,73,2,100,3,100,100,100,100,73,73,73,0,2,2,2,90,100,115,115
1948,100,73,2,100,3,100,100,100,100,73,73,73,0,2,2,2,90,100,115,115
1949,100,73,2,100,3,100,100,100,100,73,73,73,0,2,2,2,90,115,100,100
1950,100,73,2,100,3,100,100,100,100,73,73,73,0,2,2,2,90,130,100,100
1951,100,73,2,100,3,100,100,100,100,73,73,73,0,2,2,2,90,130,100,100
1952,100,80,2,100,100,100,100,100,73,80,80,80,2,2,2,2,90,100,100,100
1953,100,80,2,100,100,100,100,100,73,80,80,80,2,2,2,2,90,100,100,100
1954,100,80,2,100,100,100,100,100,73,80,80,80,2,2,2,2,90,115,100,100
1955,100,80,2,100,100,100,100,100,73,80,80,80,2,2,2,2,90,100,100,100
1956,100,80,2,100,100,100,100,100,73,80,80,80,2,2,2,2,90,100,100,100
1957,100,80,2,100,100,100,100,100,73,80,80,80,2,2,2,2,90,100,100,100
1958,100,80,2,100,100,100,100,100,73,80,80,80,2,2,2,2,90,115,100,100
1959,100,80,2,100,100,100,100,100,73,80,80,80,2,2,2,2,90,115,100,100
1960,100,80,2,100,100,100,100,100,73,80,80,80,2,2,2,2,90,115,100,100
1961,100,80,2,100,100,100,100,100,73,80,80,80,2,2,2,2,90,115,100,100
1962,100,90,2,100,3,100,100,100,73,90,90,90,1,2,2,2,90,100,100,100
1963,100,90,2,100,3,100,100,100,73,90,90,90,1,2,2,2,90,115,100,100
1964,100,90,2,100,3,100,100,100,73,90,90,90,1,2,2,2,90,100,100,100
1965,100,90,2,100,3,100,100,100,73,90,90,90,1,2,2,2,90,115,100,100
1966,100,90,2,100,3,100,100,100,73,90,90,90,1,2,2,2,90,100,100,100
1967,100,90,2,100,3,100,100,100,73,90,90,90,1,2,2,2,90,100,100,100
1968,100,90,2,100,3,100,100,100,73,90,90,90,1,2,2,2,90,100,100,100
1969,100,90,2,100,3,100,100,100,73,90,90,90,1,2,2,2,90,100,100,100
1970,100,90,2,100,3,100,100,100,73,90,90,90,1,2,2,2,90,100,100,100
1971,100,90,2,100,3,100,100,100,73,90,90,90,1,2,2,2,90,130,100,100
1972,100,100,2,100,3,100,100,100,100,100,100,100,0,2,2,2,90,115,100,100
1973,100,100,2,100,3,100,100,100,100,100,100,100,0,2,2,2,90,100,100,100
1974,100,100,2,100,3,100,100,100,100,100,100,100,0,2,2,2,90,115,100,100
1975,100,100,2,100,3,100,100,100,100,100,100,100,0,2,2,2,90,100,100,100
1976,100,100,2,100,3,100,100,100,100,100,90,100,0,2,2,2,90,100,100,100
1977,100,100,2,100,3,100,100,100,100,100,100,100,0,2,2,2,90,130,100,100
1978,100,100,2,100,3,100,100,100,100,100,100,100,0,2,2,2,90,100,100,115
1979,100,100,2,100,3,100,100,100,100,100,100,100,0,2,2,2,90,115,100,100
1980,100,100,2,100,3,100,100,100,100,100,100,100,0,2,2,2,90,100,100,100
1981,100,100,2,100,3,100,100,100,100,100,100,100,0,2,2,2,90,100,100,100
1983,100,73,1,100,20,100,100,100,100,73,73,73,0,1,1,1,90,100,100,100
1984,100,73,1,100,20,100,100,100,100,73,73,73,0,1,1,1,90,100,100,100
1985,100,73,1,100,20,100,100,100,100,73,73,73,0,1,1,1,90,100,100,100
1986,100,73,1,100,20,100,100,100,100,73,73,73,0,1,1,1,90,100,100,100
1987,100,73,1,100,20,100,100,100,100,73,73,73,0,1,1,1,90,100,100,100
1988,100,73,1,100,20,100,100,100,100,73,73,73,0,1,1,1,90,100,100,100
1989,100,73,1,100,20,100,100,100,100,73,73,73,0,1,1,1,90,100,100,100
1990,100,73,1,100,20,100,100,100,100,73,73,73,0,1,1,1,90,100,100,100
1991,100,73,1,100,20,100,100,100,100,73,73,73,0,1,1,1,90,115,100,100
1992,100,73,1,100,20,100,100,100,100,73,73,73,0,1,1,1,90,100,100,100
1993,100,80,1,100,20,100,100,100,100,80,80,80,0,1,1,1,100,100,100,100
1994,100,80,1,100,20,100,100,100,100,80,80,80,0,1,1,1,100,100,100,100
1995,100,80,1,100,20,100,100,100,100,80,80,80,0,1,1,1,100,100,100,100
1996,100,80,1,100,20,100,100,100,100,80,80,80,0,1,1,1,100,100,100,100
1997,100,80,1,100,20,100,100,100,100,80,80,80,0,1,1,1,100,90,100,100
1998,100,80,1,100,20,100,100,100,100,80,80,80,0,1,1,1,100,100,100,100
1999,100,80,1,100,20,100,100,100,100,80,80,80,0,1,1,1,100,100,100,100
2000,100,80,1,100,20,100,100,100,100,80,80,80,0,1,1,1,100,100,100,100
2001,100,80,1,100,20,100,100,100,100,80,80,80,0,1,1,1,100,100,100,100
2002,100,80,1,100,20,100,100,100,100,80,80,80,0,1,1,1,100,100,100,100
2003,100,90,1,100,20,100,100,100,73,90,90,90,1,1,1,1,90,100,100,100
2004,100,90,1,100,20,100,100,100,73,90,90,90,1,1,1,1,90,100,100,100
2005,100,90,1,100,20,100,100,100,73,90,90,90,1,1,1,1,90,100,100,100
2006,100,90,1,100,20,100,100,100,73,90,90,90,1,1,1,1,90,100,100,100
2007,100,90,1,100,20,100,100,100,73,90,90,90,1,1,1,1,90,100,100,100
2008,100,90,1,100,20,100,100,100,73,90,90,90,1,1,1,1,90,100,100,100
2009,100,90,1,100,20,100,100,100,73,90,90,90,1,1,1,1,90,100,100,100
2010,100,90,1,100,20,100,100,100,73,90,90,90,1,1,1,1,90,100,100,100
2011,100,90,1,100,20,100,100,100,73,90,90,90,1,1,1,1,90,100,100,100
2012,100,90,1,100,20,100,100,100,73,90,90,90,1,1,1,1,90,100,100,100
2013,100,100,1,100,100,100,100,100,73,100,100,100,2,1,1,1,90,100,100,100
2014,100,100,1,100,100,100,100,100,73,100,100,100,2,1,1,1,90,100,100,100
2015,100,100,1,100,100,100,100,100,73,100,100,100,2,1,1,1,90,115,100,100
2016,100,100,1,100,100,100,100,100,73,100,100,100,2,1,1,1,90,100,100,115
2017,100,100,1,100,100,100,100,100,73,100,100,100,2,1,1,1,90,100,100,115
2018,100,100,1,100,100,100,100,100,73,100,100,100,2,1,1,1,90,115,100,100
2019,100,100,1,100,100,100,100,100,73,100,100,100,2,1,1,1,90,100,100,115
2020,100,100,1,100,100,100,100,100,73,100,90,90,2,1,1,1,90,100,100,100
2021,100,100,1,100,100,100,100,100,73,100,100,100,2,1,1,1,90,115,100,115
2022,100,100,1,100,100,100,100,100,73,100,100,100,2,1,1,1,90,100,100,115
2024,100,73,0,100,3,100,100,100,100,73,73,73,0,0,0,0,90,115,100,115
2025,100,73,0,100,3,100,100,100,100,73,73,73,0,0,0,0,90,115,100,115
2026,100,73,0,100,3,100,100,100,100,73,73,73,0,0,0,0,90,115,100,100
2027,100,73,0,100,3,100,100,100,100,73,73,73,0,0,0,0,90,115,100,115
2028,100,73,0,100,3,100,100,100,100,73,73,73,0,0,0,0,90,100,100,115
2029,100,73,0,100,3,100,100,100,100,73,73,73,0,0,0,0,90,100,100,100
2030,100,73,0,100,3,100,100,100,100,73,73,73,0,0,0,0,90,115,100,100
2031,100,73,0,100,3,100,100,100,100,73,73,73,0,0,0,0,90,115,100,100
2032,100,73,0,100,3,100,100,100,100,73,73,73,0,0,0,0,90,115,100,115
2033,100,73,0,100,3,100,100,100,100,73,73,73,0,0,0,0,90,115,100,100
2034,100,80,0,100,100,100,100,100,73,80,80,80,0,0,0,0,90,115,100,100
2035,100,80,0,100,100,100,100,100,73,80,80,80,0,0,0,0,90,115,100,100
2036,100,80,0,100,100,100,100,100,73,80,80,80,0,0,0,0,90,90,100,100
2037,100,80,0,100,100,100,100,100,73,80,80,80,0,0,0,0,90,90,100,100
2038,100,80,0,100,100,100,100,100,73,80,80,80,0,0,0,0,90,90,100,100
2039,100,80,0,100,100,100,100,100,73,80,80,80,0,0,0,0,90,130,100,100
2040,100,80,0,100,100,100,100,100,73,80,80,80,0,0,0,0,90,100,100,100
2041,100,80,0,100,100,100,100,100,73,80,80,80,0,0,0,0,90,115,100,100
2042,100,80,0,100,100,100,100,100,73,80,80,80,0,0,0,0,90,100,100,100
2043,100,80,0,100,100,100,100,100,73,80,80,80,0,0,0,0,90,100,100,100
2044,100,90,0,100,100,100,100,100,73,90,90,90,2,0,0,0,100,100,100,100
2045,100,90,0,100,100,100,100,100,73,90,90,90,2,0,0,0,100,100,100,100
2046,100,90,0,100,100,100,100,100,73,90,90,90,2,0,0,0,100,100,100,100
2047,100,90,0,100,100,100,100,100,73,90,90,90,2,0,0,0,100,100,100,100
2048,100,90,0,100,100,100,100,100,73,90,90,90,2,0,0,0,100,100,100,100
2049,100,90,0,100,100,100,100,100,73,90,90,90,2,0,0,0,100,100,100,100
2050,100,90,0,100,100,100,100,100,73,90,90,90,2,0,0,0,100,100,100,100
2051,100,90,0,100,100,100,100,100,73,90,90,90,2,0,0,0,100,130,100,100
2052,100,90,0,100,100,100,100,100,73,90,90,90,2,0,0,0,100,90,100,100
2053,100,90,0,100,100,100,100,100,73,90,90,90,2,0,0,0,100,100,100,100
2054,100,100,0,100,3,100,100,100,100,100,100,100,1,0,0,0,90,130,100,100
2055,100,100,0,100,3,100,100,100,100,100,100,100,1,0,0,0,90,115,100,100
2056,100,100,0,100,3,100,100,100,100,100,100,100,1,0,0,0,90,115,100,100
2057,100,100,0,100,3,100,100,100,100,100,100,100,1,0,0,0,90,115,100,100
2058,100,100,0,100,3,100,100,100,100,100,100,100,1,0,0,0,90,115,100,100
2059,100,100,0,100,3,100,100,100,100,100,100,100,1,0,0,0,90,115,100,100
2060,100,100,0,100,3,100,100,100,100,100,100,100,1,0,0,0,90,115,100,100
2061,100,100,0,100,3,100,100,100,100,100,100,100,1,0,0,0,90,115,100,100
2062,100,100,0,100,3,100,100,100,100,100,100,100,1,0,0,0,90,130,100,100
2063,100,100,0,100,3,100,100,100,100,100,100,100,1,0,0,0,90,115,100,100
2075,100,73,2,90,20,100,100,100,100,73,73,73,1,2,2,2,100,90,130,90
2076,100,73,2,90,20,100,100,100,100,73,73,73,1,2,2,2,100,90,130,90
2077,100,73,2,90,20,100,100,100,100,73,73,73,1,2,2,2,100,90,90,90
2078,100,73,2,90,20,100,100,100,100,73,73,73,1,2,2,2,100,90,90,90
2079,100,73,2,90,20,100,100,100,100,73,73,73,1,2,2,2,100,90,90,90
2080,100,73,2,90,20,100,100,100,100,73,73,73,1,2,2,2,100,90,90,90
2081,100,73,2,90,20,100,100,100,100,73,73,73,1,2,2,2,100,90,90,90
2082,100,73,2,90,20,100,100,100,100,73,73,73,1,2,2,2,100,90,90,90
2083,100,73,2,90,20,100,100,100,100,73,73,73,1,2,2,2,100,90,90,90
2084,100,73,2,90,20,100,100,100,100,73,73,73,1,2,2,2,100,90,90,90
2085,100,80,2,90,3,100,100,100,100,80,80,80,0,2,2,2,90,90,90,90
2086,100,80,2,90,3,100,100,100,100,80,80,80,0,2,2,2,90,90,90,90
2087,100,80,2,90,3,100,100,100,100,80,80,80,0,2,2,2,90,90,90,90
2088,100,80,2,90,3,100,100,100,100,80,80,80,0,2,2,2,90,90,90,90
2089,100,80,2,90,3,100,100,100,100,80,80,80,0,2,2,2,90,90,90,90
2090,100,80,2,90,3,100,100,100,100,80,80,80,0,2,2,2,90,90,90,90
2091,100,80,2,90,3,100,100,100,100,80,80,80,0,2,2,2,90,90,90,90
2092,100,80,2,90,3,100,100,100,100,80,80,80,0,2,2,2,90,90,90,90
2093,100,80,2,90,3,100,100,100,100,80,80,80,0,2,2,2,90,90,90,90
2094,100,80,2,90,3,100,100,100,100,80,80,73,0,2,2,2,90,90,90,90
2095,100,90,2,90,20,100,100,100,100,90,90,90,1,2,2,2,90,90,90,90
2096,100,90,2,90,20,100,100,100,100,90,90,90,1,2,2,2,90,90,90,90
2097,100,90,2,90,20,100,100,100,100,90,90,90,1,2,2,2,90,90,90,90
2098,100,90,2,90,20,100,100,100,100,90,90,90,1,2,2,2,90,90,90,90
2099,100,90,2,90,20,100,100,100,100,90,80,80,1,2,2,2,90,90,90,90
2100,100,90,2,90,20,100,100,100,100,90,90,90,1,2,2,2,90,90,90,90
2101,100,90,2,90,20,100,100,100,100,90,80,80,1,2,2,2,90,90,90,90
2102,100,90,2,90,20,100,100,100,100,90,90,90,1,2,2,2,90,90,90,90
2103,100,90,2,90,20,100,100,100,100,90,90,90,1,2,2,2,90,90,90,90
2104,100,90,2,90,20,100,100,100,100,90,90,90,1,2,2,2,90,90,90,90
2105,100,100,2,90,20,100,100,100,100,100,100,100,0,2,2,2,90,90,90,90
2106,100,100,2,90,20,100,100,100,100,100,90,90,0,2,2,2,90,90,90,90
2107,100,100,2,90,20,100,100,100,100,100,90,90,0,2,2,2,90,115,90,90
2108,100,100,2,90,20,100,100,100,100,100,90,90,0,2,2,2,90,90,90,90
2109,100,100,2,90,20,100,100,100,100,100,90,90,0,2,2,2,90,90,90,90
2110,100,100,2,90,20,100,100,100,100,100,100,90,0,2,2,2,90,90,90,90
2111,100,100,2,90,20,100,100,100,100,100,90,90,0,2,2,2,90,90,90,90
2112,100,100,2,90,20,100,100,100,100,100,100,100,0,2,2,2,90,90,90,90
2113,100,100,2,90,20,100,100,100,100,100,100,100,0,2,2,2,90,90,90,90
2114,100,100,2,90,20,100,100,100,100,100,100,100,0,2,2,2,90,90,90,90
2116,100,73,1,90,20,100,100,100,100,73,73,73,1,1,1,1,90,90,90,90
2117,100,73,1,90,20,100,100,100,100,73,73,73,1,1,1,1,90,90,90,90
2118,100,73,1,90,20,100,100,100,100,73,73,73,1,1,1,1,90,90,90,90
2119,100,73,1,90,20,100,100,100,100,73,73,73,1,1,1,1,90,90,90,90
2120,100,73,1,90,20,100,100,100,100,73,73,73,1,1,1,1,90,90,90,90
2121,100,73,1,90,20,100,100,100,100,73,73,73,1,1,1,1,90,90,90,90
2122,100,73,1,90,20,100,100,100,100,73,73,73,1,1,1,1,90,90,90,90
2123,100,73,1,90,20,100,100,100,100,73,73,73,1,1,1,1,90,90,90,90
2124,100,73,1,90,20,100,100,100,100,73,73,73,1,1,1,1,90,90,90,90
2125,100,73,1,90,20,100,100,100,100,73,73,73,1,1,1,1,90,90,90,90
2126,100,80,1,90,20,100,100,100,100,80,80,80,1,1,1,1,90,90,90,90
2127,100,80,1,90,20,100,100,100,100,80,80,80,1,1,1,1,90,90,90,90
2128,100,80,1,90,20,100,100,100,100,80,80,80,1,1,1,1,90,90,90,90
2129,100,80,1,90,20,100,100,100,100,80,73,80,1,1,1,1,90,90,90,90
2130,100,80,1,90,20,100,100,100,100,80,80,80,1,1,1,1,90,90,90,90
2131,100,80,1,90,20,100,100,100,100,80,80,80,1,1,1,1,90,90,90,90
2132,100,80,1,90,20,100,100,100,100,80,80,80,1,1,1,1,90,90,90,90
2133,100,80,1,90,20,100,100,100,100,80,80,80,1,1,1,1,90,90,90,90
2134,100,80,1,90,20,100,100,100,100,80,80,80,1,1,1,1,90,90,90,90
2135,100,80,1,90,20,100,100,100,100,80,80,80,1,1,1,1,90,90,90,90
2136,100,90,1,90,20,100,100,100,100,90,90,90,2,1,1,1,90,90,90,90
2137,100,90,1,90,20,100,100,100,100,90,90,90,2,1,1,1,90,90,90,90
2138,100,90,1,90,20,100,100,100,100,100,100,100,2,1,1,1,90,90,90,90
2139,100,90,1,90,20,100,100,100,100,100,90,100,2,1,1,1,90,90,90,90
2140,100,90,1,90,20,100,100,100,100,100,90,100,2,1,1,1,90,90,90,90
2141,100,90,1,90,20,100,100,100,100,90,90,90,2,1,1,1,90,90,90,90
2142,100,90,1,90,20,100,100,100,100,90,90,90,2,1,1,1,90,90,90,90
2143,100,90,1,90,20,100,100,100,100,100,90,100,2,1,1,1,90,90,90,90
2144,100,90,1,90,20,100,100,100,100,100,90,100,2,1,1,1,90,90,90,90
2145,100,90,1,90,20,100,100,100,100,100,90,100,2,1,1,1,90,90,90,90
2146,100,100,1,90,20,100,100,100,100,100,100,100,1,1,1,1,90,90,90,90
2147,100,100,1,90,20,100,100,100,100,100,100,100,1,1,1,1,90,90,90,90
2148,100,100,1,90,20,100,100,100,100,100,100,100,1,1,1,1,90,90,90,90
2149,100,100,1,90,20,100,100,100,100,100,100,100,1,1,1,1,90,90,90,90
2150,100,100,1,90,20,100,100,100,100,100,100,100,1,1,1,1,90,90,90,90
2151,100,100,1,90,20,100,100,100,100,100,100,100,1,1,1,1,90,90,90,90
2152,100,100,1,90,20,100,100,100,100,100,100,100,1,1,1,1,90,100,90,90
2153,100,100,1,90,20,100,100,100,100,100,100,100,1,1,1,1,90,90,90,90
2154,100,100,1,90,20,100,100,100,100,100,100,100,1,1,1,1,90,90,90,90
2155,100,100,1,90,20,100,100,100,100,100,100,100,1,1,1,1,90,90,90,90
2157,100,73,0,90,20,100,100,100,73,73,73,73,0,0,0,0,90,90,90,90
2158,100,73,0,90,20,100,100,100,73,73,73,73,0,0,0,0,90,90,90,90
2159,100,73,0,90,20,100,100,100,73,73,73,73,0,0,0,0,90,90,90,90
2160,100,73,0,90,20,100,100,100,73,73,73,73,0,0,0,0,90,90,90,90
2161,100,73,0,90,20,100,100,100,73,73,73,73,0,0,0,0,90,90,90,90
2162,100,73,0,90,20,100,100,100,73,73,73,73,0,0,0,0,90,90,90,90
2163,100,73,0,90,20,100,100,100,73,73,73,73,0,0,0,0,90,90,90,90
2164,100,73,0,90,20,100,100,100,73,73,73,73,0,0,0,0,90,90,90,90
2165,100,73,0,90,20,100,100,100,73,73,73,73,0,0,0,0,90,90,90,90
2166,100,73,0,90,20,100,100,100,73,73,73,73,0,0,0,0,90,90,90,90
2167,100,80,0,90,100,100,100,100,100,80,90,90,1,0,0,0,100,90,90,90
2168,100,80,0,90,100,100,100,100,100,80,90,90,1,0,0,0,100,90,90,90
2169,100,80,0,90,100,100,100,100,100,80,90,90,1,0,0,0,100,90,90,90
2170,100,80,0,90,100,100,100,100,100,80,80,90,1,0,0,0,100,90,90,90
2171,100,80,0,90,100,100,100,100,100,80,90,90,1,0,0,0,100,90,90,90
2172,100,80,0,90,100,100,100,100,100,80,90,90,1,0,0,0,100,90,90,90
2173,100,80,0,90,100,100,100,100,100,73,73,73,1,0,0,0,100,90,90,90
2174,100,80,0,90,100,100,100,100,100,80,90,90,1,0,0,0,100,90,90,90
2175,100,80,0,90,100,100,100,100,100,80,90,90,1,0,0,0,100,90,90,90
2176,100,80,0,90,100,100,100,100,100,80,90,90,1,0,0,0,100,90,90,90
2177,100,90,0,90,100,100,100,100,100,90,80,80,1,0,0,0,100,90,90,90
2178,100,90,0,90,100,100,100,100,100,90,80,80,1,0,0,0,100,90,90,90
2179,100,90,0,90,100,100,100,100,100,90,80,80,1,0,0,0,100,90,90,90
2180,100,90,0,90,100,100,100,100,100,90,80,80,1,0,0,0,100,90,90,90
2181,100,90,0,90,100,100,100,100,100,90,80,100,1,0,0,0,100,90,90,90
2182,100,90,0,90,100,100,100,100,100,90,80,80,1,0,0,0,100,90,90,90
2183,100,90,0,90,100,100,100,100,100,90,100,100,1,0,0,0,100,90,90,90
2184,100,90,0,90,100,100,100,100,100,100,80,100,1,0,0,0,100,90,90,90
2185,100,90,0,90,100,100,100,100,100,90,100,100,1,0,0,0,100,90,90,90
2186,100,90,0,90,100,100,100,100,100,100,100,100,1,0,0,0,100,90,90,90
2187,100,100,0,90,3,100,100,100,73,100,90,90,0,0,0,0,90,90,90,90
2188,100,100,0,90,3,100,100,100,73,100,90,90,0,0,0,0,90,90,90,90
2189,100,100,0,90,3,100,100,100,73,100,90,90,0,0,0,0,90,90,90,90
2190,100,100,0,90,3,100,100,100,73,100,90,90,0,0,0,0,90,90,90,90
2191,100,100,0,90,3,100,100,100,73,100,90,90,0,0,0,0,90,90,90,90
2192,100,100,0,90,3,100,100,100,73,100,90,90,0,0,0,0,90,90,90,90
2193,100,100,0,90,3,100,100,100,73,100,90,90,0,0,0,0,90,90,90,90
2194,100,100,0,90,3,100,100,100,73,100,90,90,0,0,0,0,90,90,90,90
2195,100,100,0,90,3,100,100,100,73,100,100,90,0,0,0,0,90,90,90,90
2196,100,100,0,90,3,100,100,100,73,100,90,90,0,0,0,0,90,90,90,90
2197,100,100,0,90,3,100,100,100,73,100,90,90,0,0,0,0,90,90,90,90
2198,100,100,0,90,3,100,100,100,73,100,90,90,0,0,0,0,90,90,90,90
2199,100,100,0,90,3,100,100,100,73,100,90,90,0,0,0,0,90,90,90,90
2200,100,100,0,90,3,100,100,100,73,100,90,90,0,0,0,0,90,90,90,90
2201,100,100,0,90,3,100,100,100,73,100,90,90,0,0,0,0,90,90,90,90
2202,100,100,0,90,3,100,100,100,73,100,90,90,0,0,0,0,90,90,90,90
2203,100,100,0,90,3,100,100,100,73,100,90,90,0,0,0,0,90,90,90,90
2204,100,100,0,90,3,100,100,100,73,100,90,90,0,0,0,0,90,90,90,90
2205,100,100,0,90,3,100,100,100,73,100,90,90,0,0,0,0,90,90,90,90
