actual,group,source_index,previous,candidate,fold
73,3|73|2|130,0,80.0,73.0,1
73,3|73|2|130,1,73.0,73.0,1
73,3|73|2|130,2,73.0,73.0,1
73,3|73|2|130,3,80.0,73.0,1
73,3|73|2|130,4,80.0,73.0,1
73,3|73|2|130,5,73.0,73.0,1
73,3|73|2|130,6,73.0,73.0,1
73,3|73|2|130,7,73.0,73.0,1
73,3|73|2|130,8,73.0,73.0,1
73,3|73|2|130,9,73.0,73.0,1
80,3|80|2|130,10,80.0,80.0,4
80,3|80|2|130,11,80.0,80.0,4
80,3|80|2|130,12,80.0,80.0,4
80,3|80|2|130,13,80.0,80.0,4
80,3|80|2|130,14,80.0,80.0,4
80,3|80|2|130,15,80.0,80.0,4
80,3|80|2|130,16,80.0,80.0,4
80,3|80|2|130,17,80.0,80.0,4
80,3|80|2|130,18,80.0,80.0,4
80,3|80|2|130,19,80.0,80.0,4
90,3|90|2|130,20,90.0,90.0,4
90,3|90|2|130,21,90.0,90.0,4
90,3|90|2|130,22,90.0,90.0,4
90,3|90|2|130,23,90.0,90.0,4
90,3|90|2|130,24,90.0,90.0,4
90,3|90|2|130,25,90.0,90.0,4
90,3|90|2|130,26,90.0,90.0,4
90,3|90|2|130,27,90.0,90.0,4
90,3|90|2|130,28,100.0,90.0,4
90,3|90|2|130,29,90.0,90.0,4
100,3|100|2|130,30,100.0,100.0,0
100,3|100|2|130,31,100.0,100.0,0
100,3|100|2|130,32,100.0,100.0,0
100,3|100|2|130,33,100.0,100.0,0
100,3|100|2|130,34,100.0,100.0,0
100,3|100|2|130,35,100.0,100.0,0
100,3|100|2|130,36,90.0,100.0,0
100,3|100|2|130,37,73.0,100.0,0
100,3|100|2|130,38,100.0,100.0,0
100,3|100|2|130,39,100.0,100.0,0
73,3|73|1|130,40,73.0,73.0,2
73,3|73|1|130,41,73.0,73.0,2
73,3|73|1|130,42,73.0,73.0,2
73,3|73|1|130,43,73.0,73.0,2
73,3|73|1|130,44,73.0,73.0,2
73,3|73|1|130,45,73.0,73.0,2
73,3|73|1|130,46,73.0,73.0,2
73,3|73|1|130,47,73.0,73.0,2
73,3|73|1|130,48,73.0,73.0,2
73,3|73|1|130,49,80.0,73.0,2
80,3|80|1|130,50,80.0,80.0,0
80,3|80|1|130,51,80.0,80.0,0
80,3|80|1|130,52,90.0,80.0,0
80,3|80|1|130,53,80.0,80.0,0
80,3|80|1|130,54,90.0,80.0,0
80,3|80|1|130,55,80.0,80.0,0
80,3|80|1|130,56,80.0,80.0,0
80,3|80|1|130,57,80.0,80.0,0
80,3|80|1|130,58,80.0,80.0,0
80,3|80|1|130,59,80.0,80.0,0
90,3|90|1|130,60,90.0,90.0,1
90,3|90|1|130,61,90.0,90.0,1
90,3|90|1|130,62,90.0,90.0,1
90,3|90|1|130,63,90.0,90.0,1
90,3|90|1|130,64,90.0,90.0,1
90,3|90|1|130,65,90.0,90.0,1
90,3|90|1|130,66,90.0,90.0,1
90,3|90|1|130,67,90.0,90.0,1
90,3|90|1|130,68,90.0,90.0,1
90,3|90|1|130,69,90.0,90.0,1
100,3|100|1|130,70,100.0,100.0,4
100,3|100|1|130,71,100.0,100.0,4
100,3|100|1|130,72,100.0,100.0,4
100,3|100|1|130,73,100.0,100.0,4
100,3|100|1|130,74,100.0,100.0,4
100,3|100|1|130,75,100.0,100.0,4
100,3|100|1|130,76,100.0,100.0,4
100,3|100|1|130,77,100.0,100.0,4
100,3|100|1|130,78,100.0,100.0,4
100,3|100|1|130,79,100.0,100.0,4
73,3|73|0|130,80,73.0,73.0,0
73,3|73|0|130,81,73.0,73.0,0
73,3|73|0|130,82,73.0,73.0,0
73,3|73|0|130,83,73.0,73.0,0
73,3|73|0|130,84,73.0,73.0,0
73,3|73|0|130,85,73.0,73.0,0
73,3|73|0|130,86,73.0,73.0,0
73,3|73|0|130,87,73.0,73.0,0
73,3|73|0|130,88,80.0,73.0,0
73,3|73|0|130,89,80.0,73.0,0
80,3|80|0|130,90,80.0,80.0,3
80,3|80|0|130,91,80.0,80.0,3
80,3|80|0|130,92,80.0,80.0,3
80,3|80|0|130,93,80.0,80.0,3
80,3|80|0|130,94,80.0,80.0,3
80,3|80|0|130,95,90.0,80.0,3
80,3|80|0|130,96,80.0,80.0,3
80,3|80|0|130,97,73.0,80.0,3
80,3|80|0|130,98,80.0,80.0,3
80,3|80|0|130,99,80.0,80.0,3
90,3|90|0|130,100,100.0,90.0,3
90,3|90|0|130,101,90.0,90.0,3
90,3|90|0|130,102,90.0,90.0,3
90,3|90|0|130,103,100.0,90.0,3
90,3|90|0|130,104,100.0,90.0,3
90,3|90|0|130,105,90.0,90.0,3
90,3|90|0|130,106,100.0,90.0,3
90,3|90|0|130,107,100.0,90.0,3
90,3|90|0|130,108,100.0,90.0,3
90,3|90|0|130,109,90.0,90.0,3
100,3|100|0|130,110,100.0,100.0,0
100,3|100|0|130,111,90.0,100.0,0
100,3|100|0|130,112,100.0,100.0,0
100,3|100|0|130,113,100.0,100.0,0
100,3|100|0|130,114,100.0,100.0,0
100,3|100|0|130,115,100.0,100.0,0
100,3|100|0|130,116,100.0,100.0,0
100,3|100|0|130,117,100.0,100.0,0
100,3|100|0|130,118,100.0,100.0,0
100,3|100|0|130,119,100.0,100.0,0
73,3|73|2|115,120,80.0,73.0,1
73,3|73|2|115,121,80.0,73.0,1
73,3|73|2|115,122,80.0,73.0,1
73,3|73|2|115,123,80.0,73.0,1
73,3|73|2|115,124,80.0,73.0,1
73,3|73|2|115,125,80.0,73.0,1
73,3|73|2|115,126,80.0,73.0,1
73,3|73|2|115,127,80.0,73.0,1
73,3|73|2|115,128,80.0,73.0,1
73,3|73|2|115,129,80.0,73.0,1
80,3|80|2|115,130,80.0,80.0,4
80,3|80|2|115,131,80.0,80.0,4
80,3|80|2|115,132,80.0,80.0,4
80,3|80|2|115,133,90.0,80.0,4
80,3|80|2|115,134,80.0,80.0,4
80,3|80|2|115,135,80.0,80.0,4
80,3|80|2|115,136,73.0,80.0,4
80,3|80|2|115,137,90.0,80.0,4
80,3|80|2|115,138,80.0,80.0,4
80,3|80|2|115,139,80.0,80.0,4
90,3|90|2|115,140,100.0,90.0,3
90,3|90|2|115,141,80.0,90.0,3
90,3|90|2|115,142,90.0,90.0,3
90,3|90|2|115,143,80.0,90.0,3
90,3|90|2|115,144,100.0,90.0,3
90,3|90|2|115,145,90.0,90.0,3
90,3|90|2|115,146,100.0,90.0,3
90,3|90|2|115,147,73.0,90.0,3
90,3|90|2|115,148,80.0,90.0,3
90,3|90|2|115,149,100.0,90.0,3
100,3|100|2|115,150,90.0,100.0,0
100,3|100|2|115,151,100.0,100.0,0
100,3|100|2|115,152,100.0,100.0,0
100,3|100|2|115,153,100.0,100.0,0
100,3|100|2|115,154,100.0,100.0,0
100,3|100|2|115,155,100.0,100.0,0
100,3|100|2|115,156,100.0,100.0,0
100,3|100|2|115,157,100.0,100.0,0
100,3|100|2|115,158,100.0,100.0,0
100,3|100|2|115,159,100.0,100.0,0
73,3|73|1|115,160,80.0,73.0,4
73,3|73|1|115,161,80.0,73.0,4
73,3|73|1|115,162,80.0,73.0,4
73,3|73|1|115,163,73.0,73.0,4
73,3|73|1|115,164,73.0,73.0,4
73,3|73|1|115,165,73.0,73.0,4
73,3|73|1|115,166,80.0,73.0,4
73,3|73|1|115,167,80.0,73.0,4
73,3|73|1|115,168,80.0,73.0,4
73,3|73|1|115,169,73.0,73.0,4
80,3|80|1|115,170,80.0,80.0,0
80,3|80|1|115,171,73.0,80.0,0
80,3|80|1|115,172,90.0,80.0,0
80,3|80|1|115,173,80.0,80.0,0
80,3|80|1|115,174,80.0,80.0,0
80,3|80|1|115,175,80.0,80.0,0
80,3|80|1|115,176,80.0,80.0,0
80,3|80|1|115,177,80.0,80.0,0
80,3|80|1|115,178,80.0,80.0,0
80,3|80|1|115,179,73.0,80.0,0
90,3|90|1|115,180,90.0,90.0,0
90,3|90|1|115,181,90.0,90.0,0
90,3|90|1|115,182,90.0,90.0,0
90,3|90|1|115,183,90.0,90.0,0
90,3|90|1|115,184,90.0,90.0,0
90,3|90|1|115,185,100.0,90.0,0
90,3|90|1|115,186,90.0,90.0,0
90,3|90|1|115,187,90.0,90.0,0
90,3|90|1|115,188,100.0,90.0,0
90,3|90|1|115,189,90.0,90.0,0
100,3|100|1|115,190,90.0,100.0,0
100,3|100|1|115,191,100.0,100.0,0
100,3|100|1|115,192,100.0,100.0,0
100,3|100|1|115,193,100.0,100.0,0
100,3|100|1|115,194,100.0,100.0,0
100,3|100|1|115,195,100.0,100.0,0
100,3|100|1|115,196,90.0,100.0,0
100,3|100|1|115,197,100.0,100.0,0
100,3|100|1|115,198,90.0,100.0,0
100,3|100|1|115,199,100.0,100.0,0
73,3|73|0|115,200,73.0,73.0,1
73,3|73|0|115,201,73.0,73.0,1
73,3|73|0|115,202,73.0,73.0,1
73,3|73|0|115,203,73.0,73.0,1
73,3|73|0|115,204,73.0,73.0,1
73,3|73|0|115,205,73.0,73.0,1
73,3|73|0|115,206,73.0,73.0,1
73,3|73|0|115,207,73.0,73.0,1
73,3|73|0|115,208,73.0,73.0,1
73,3|73|0|115,209,73.0,73.0,1
80,3|80|0|115,210,80.0,80.0,2
80,3|80|0|115,211,80.0,80.0,2
80,3|80|0|115,212,80.0,80.0,2
80,3|80|0|115,213,80.0,80.0,2
80,3|80|0|115,214,73.0,80.0,2
80,3|80|0|115,215,80.0,80.0,2
80,3|80|0|115,216,80.0,80.0,2
80,3|80|0|115,217,80.0,80.0,2
80,3|80|0|115,218,73.0,80.0,2
80,3|80|0|115,219,80.0,80.0,2
90,3|90|0|115,220,90.0,90.0,0
90,3|90|0|115,221,100.0,90.0,0
90,3|90|0|115,222,100.0,90.0,0
90,3|90|0|115,223,100.0,90.0,0
90,3|90|0|115,224,100.0,90.0,0
90,3|90|0|115,225,100.0,90.0,0
90,3|90|0|115,226,90.0,90.0,0
90,3|90|0|115,227,90.0,90.0,0
90,3|90|0|115,228,90.0,90.0,0
90,3|90|0|115,229,100.0,90.0,0
100,3|100|0|115,230,100.0,100.0,4
100,3|100|0|115,231,100.0,100.0,4
100,3|100|0|115,232,100.0,100.0,4
100,3|100|0|115,233,100.0,100.0,4
100,3|100|0|115,234,100.0,100.0,4
100,3|100|0|115,235,100.0,100.0,4
100,3|100|0|115,236,100.0,100.0,4
100,3|100|0|115,237,100.0,100.0,4
100,3|100|0|115,238,73.0,100.0,4
100,3|100|0|115,239,100.0,100.0,4
73,3|73|2|100,240,73.0,73.0,0
73,3|73|2|100,241,73.0,73.0,0
73,3|73|2|100,242,73.0,73.0,0
73,3|73|2|100,243,73.0,73.0,0
73,3|73|2|100,244,73.0,73.0,0
73,3|73|2|100,245,73.0,73.0,0
73,3|73|2|100,246,73.0,73.0,0
73,3|73|2|100,247,73.0,73.0,0
73,3|73|2|100,248,73.0,73.0,0
73,3|73|2|100,249,73.0,73.0,0
80,3|80|2|100,250,100.0,80.0,3
80,3|80|2|100,251,80.0,80.0,3
80,3|80|2|100,252,73.0,80.0,3
80,3|80|2|100,253,80.0,80.0,3
80,3|80|2|100,254,80.0,80.0,3
80,3|80|2|100,255,80.0,80.0,3
80,3|80|2|100,256,80.0,80.0,3
80,3|80|2|100,257,80.0,80.0,3
80,3|80|2|100,258,80.0,80.0,3
80,3|80|2|100,259,73.0,80.0,3
90,3|90|2|100,260,90.0,90.0,0
90,3|90|2|100,261,90.0,90.0,0
90,3|90|2|100,262,90.0,90.0,0
90,3|90|2|100,263,80.0,90.0,0
90,3|90|2|100,264,90.0,90.0,0
90,3|90|2|100,265,80.0,90.0,0
90,3|90|2|100,266,90.0,90.0,0
90,3|90|2|100,267,80.0,90.0,0
90,3|90|2|100,268,100.0,90.0,0
90,3|90|2|100,269,100.0,90.0,0
100,3|100|2|100,270,100.0,100.0,4
100,3|100|2|100,271,100.0,100.0,4
100,3|100|2|100,272,100.0,100.0,4
100,3|100|2|100,273,100.0,100.0,4
100,3|100|2|100,274,100.0,100.0,4
100,3|100|2|100,275,100.0,100.0,4
100,3|100|2|100,276,100.0,100.0,4
100,3|100|2|100,277,100.0,100.0,4
100,3|100|2|100,278,100.0,100.0,4
100,3|100|2|100,279,100.0,100.0,4
73,3|73|1|100,280,73.0,73.0,4
73,3|73|1|100,281,73.0,73.0,4
73,3|73|1|100,282,80.0,73.0,4
73,3|73|1|100,283,73.0,73.0,4
73,3|73|1|100,284,80.0,73.0,4
73,3|73|1|100,285,80.0,73.0,4
73,3|73|1|100,286,80.0,73.0,4
73,3|73|1|100,287,80.0,73.0,4
73,3|73|1|100,288,80.0,73.0,4
73,3|73|1|100,289,73.0,73.0,4
80,3|80|1|100,290,80.0,80.0,1
80,3|80|1|100,291,90.0,80.0,1
80,3|80|1|100,292,80.0,80.0,1
80,3|80|1|100,293,80.0,80.0,1
80,3|80|1|100,294,90.0,80.0,1
80,3|80|1|100,295,73.0,80.0,1
80,3|80|1|100,296,80.0,80.0,1
80,3|80|1|100,297,90.0,80.0,1
80,3|80|1|100,298,90.0,80.0,1
80,3|80|1|100,299,80.0,80.0,1
90,3|90|1|100,300,100.0,90.0,2
90,3|90|1|100,301,100.0,90.0,2
90,3|90|1|100,302,100.0,90.0,2
90,3|90|1|100,303,100.0,90.0,2
90,3|90|1|100,304,90.0,90.0,2
90,3|90|1|100,305,90.0,90.0,2
90,3|90|1|100,306,90.0,90.0,2
90,3|90|1|100,307,90.0,90.0,2
90,3|90|1|100,308,100.0,90.0,2
90,3|90|1|100,309,100.0,90.0,2
100,3|100|1|100,310,100.0,100.0,3
100,3|100|1|100,311,100.0,100.0,3
100,3|100|1|100,312,100.0,100.0,3
100,3|100|1|100,313,100.0,100.0,3
100,3|100|1|100,314,100.0,100.0,3
100,3|100|1|100,315,100.0,100.0,3
100,3|100|1|100,316,100.0,100.0,3
100,3|100|1|100,317,100.0,100.0,3
100,3|100|1|100,318,100.0,100.0,3
100,3|100|1|100,319,100.0,100.0,3
73,3|73|0|100,320,73.0,73.0,1
73,3|73|0|100,321,73.0,73.0,1
73,3|73|0|100,322,73.0,73.0,1
73,3|73|0|100,323,73.0,73.0,1
73,3|73|0|100,324,73.0,73.0,1
73,3|73|0|100,325,73.0,73.0,1
73,3|73|0|100,326,73.0,73.0,1
73,3|73|0|100,327,73.0,73.0,1
73,3|73|0|100,328,73.0,73.0,1
73,3|73|0|100,329,73.0,73.0,1
80,3|80|0|100,330,80.0,80.0,4
80,3|80|0|100,331,80.0,80.0,4
80,3|80|0|100,332,90.0,80.0,4
80,3|80|0|100,333,80.0,80.0,4
80,3|80|0|100,334,90.0,80.0,4
80,3|80|0|100,335,90.0,80.0,4
80,3|80|0|100,336,80.0,80.0,4
80,3|80|0|100,337,80.0,80.0,4
80,3|80|0|100,338,73.0,80.0,4
80,3|80|0|100,339,90.0,80.0,4
90,3|90|0|100,340,100.0,90.0,2
90,3|90|0|100,341,80.0,90.0,2
90,3|90|0|100,342,100.0,90.0,2
90,3|90|0|100,343,90.0,90.0,2
90,3|90|0|100,344,90.0,90.0,2
90,3|90|0|100,345,100.0,90.0,2
90,3|90|0|100,346,80.0,90.0,2
90,3|90|0|100,347,80.0,90.0,2
90,3|90|0|100,348,80.0,90.0,2
90,3|90|0|100,349,90.0,90.0,2
100,3|100|0|100,350,100.0,100.0,2
100,3|100|0|100,351,100.0,100.0,2
100,3|100|0|100,352,100.0,100.0,2
100,3|100|0|100,353,80.0,100.0,2
100,3|100|0|100,354,100.0,100.0,2
100,3|100|0|100,355,100.0,100.0,2
100,3|100|0|100,356,100.0,100.0,2
100,3|100|0|100,357,100.0,100.0,2
100,3|100|0|100,358,100.0,100.0,2
100,3|100|0|100,359,100.0,100.0,2
73,3|73|2|90,360,73.0,73.0,3
73,3|73|2|90,361,73.0,73.0,3
73,3|73|2|90,362,73.0,73.0,3
73,3|73|2|90,363,73.0,73.0,3
73,3|73|2|90,364,73.0,73.0,3
73,3|73|2|90,365,73.0,73.0,3
73,3|73|2|90,366,80.0,73.0,3
73,3|73|2|90,367,73.0,73.0,3
73,3|73|2|90,368,73.0,73.0,3
73,3|73|2|90,369,73.0,73.0,3
80,3|80|2|90,370,73.0,80.0,1
80,3|80|2|90,371,90.0,80.0,1
80,3|80|2|90,372,73.0,80.0,1
80,3|80|2|90,373,80.0,80.0,1
80,3|80|2|90,374,80.0,80.0,1
80,3|80|2|90,375,80.0,80.0,1
80,3|80|2|90,376,80.0,80.0,1
80,3|80|2|90,377,73.0,80.0,1
80,3|80|2|90,378,80.0,80.0,1
80,3|80|2|90,379,90.0,80.0,1
90,3|90|2|90,380,80.0,90.0,2
90,3|90|2|90,381,90.0,90.0,2
90,3|90|2|90,382,90.0,90.0,2
90,3|90|2|90,383,90.0,90.0,2
90,3|90|2|90,384,73.0,90.0,2
90,3|90|2|90,385,90.0,90.0,2
90,3|90|2|90,386,80.0,90.0,2
90,3|90|2|90,387,90.0,90.0,2
90,3|90|2|90,388,100.0,90.0,2
90,3|90|2|90,389,90.0,90.0,2
100,3|100|2|90,390,100.0,100.0,0
100,3|100|2|90,391,90.0,100.0,0
100,3|100|2|90,392,100.0,100.0,0
100,3|100|2|90,393,100.0,100.0,0
100,3|100|2|90,394,100.0,100.0,0
100,3|100|2|90,395,100.0,100.0,0
100,3|100|2|90,396,100.0,100.0,0
100,3|100|2|90,397,100.0,100.0,0
100,3|100|2|90,398,100.0,100.0,0
100,3|100|2|90,399,100.0,100.0,0
73,3|73|1|90,400,80.0,73.0,2
73,3|73|1|90,401,80.0,73.0,2
73,3|73|1|90,402,73.0,73.0,2
73,3|73|1|90,403,73.0,73.0,2
73,3|73|1|90,404,73.0,73.0,2
73,3|73|1|90,405,80.0,73.0,2
73,3|73|1|90,406,73.0,73.0,2
73,3|73|1|90,407,73.0,73.0,2
73,3|73|1|90,408,73.0,73.0,2
73,3|73|1|90,409,80.0,73.0,2
80,3|80|1|90,410,80.0,80.0,4
80,3|80|1|90,411,73.0,80.0,4
80,3|80|1|90,412,80.0,80.0,4
80,3|80|1|90,413,80.0,80.0,4
80,3|80|1|90,414,80.0,80.0,4
80,3|80|1|90,415,80.0,80.0,4
80,3|80|1|90,416,80.0,80.0,4
80,3|80|1|90,417,80.0,80.0,4
80,3|80|1|90,418,80.0,80.0,4
80,3|80|1|90,419,80.0,80.0,4
90,3|90|1|90,420,90.0,90.0,1
90,3|90|1|90,421,90.0,90.0,1
90,3|90|1|90,422,90.0,90.0,1
90,3|90|1|90,423,90.0,90.0,1
90,3|90|1|90,424,90.0,90.0,1
90,3|90|1|90,425,100.0,90.0,1
90,3|90|1|90,426,90.0,90.0,1
90,3|90|1|90,427,100.0,90.0,1
90,3|90|1|90,428,100.0,90.0,1
90,3|90|1|90,429,90.0,90.0,1
100,3|100|1|90,430,100.0,100.0,2
100,3|100|1|90,431,100.0,100.0,2
100,3|100|1|90,432,100.0,100.0,2
100,3|100|1|90,433,100.0,100.0,2
100,3|100|1|90,434,100.0,100.0,2
100,3|100|1|90,435,100.0,100.0,2
100,3|100|1|90,436,100.0,100.0,2
100,3|100|1|90,437,100.0,100.0,2
100,3|100|1|90,438,100.0,100.0,2
100,3|100|1|90,439,100.0,100.0,2
73,3|73|0|90,440,73.0,73.0,0
73,3|73|0|90,441,73.0,73.0,0
73,3|73|0|90,442,73.0,73.0,0
73,3|73|0|90,443,80.0,73.0,0
73,3|73|0|90,444,80.0,73.0,0
73,3|73|0|90,445,80.0,73.0,0
73,3|73|0|90,446,73.0,73.0,0
73,3|73|0|90,447,73.0,73.0,0
73,3|73|0|90,448,80.0,73.0,0
73,3|73|0|90,449,73.0,73.0,0
80,3|80|0|90,450,80.0,80.0,3
80,3|80|0|90,451,80.0,80.0,3
80,3|80|0|90,452,80.0,80.0,3
80,3|80|0|90,453,80.0,80.0,3
80,3|80|0|90,454,80.0,80.0,3
80,3|80|0|90,455,90.0,80.0,3
80,3|80|0|90,456,80.0,80.0,3
80,3|80|0|90,457,90.0,80.0,3
80,3|80|0|90,458,80.0,80.0,3
80,3|80|0|90,459,80.0,80.0,3
90,3|90|0|90,460,80.0,90.0,2
90,3|90|0|90,461,90.0,90.0,2
90,3|90|0|90,462,80.0,90.0,2
90,3|90|0|90,463,90.0,90.0,2
90,3|90|0|90,464,90.0,90.0,2
90,3|90|0|90,465,90.0,90.0,2
90,3|90|0|90,466,90.0,90.0,2
90,3|90|0|90,467,90.0,90.0,2
90,3|90|0|90,468,90.0,90.0,2
90,3|90|0|90,469,100.0,90.0,2
100,3|100|0|90,470,100.0,100.0,3
100,3|100|0|90,471,90.0,100.0,3
100,3|100|0|90,472,90.0,100.0,3
100,3|100|0|90,473,90.0,100.0,3
100,3|100|0|90,474,90.0,100.0,3
100,3|100|0|90,475,100.0,100.0,3
100,3|100|0|90,476,90.0,100.0,3
100,3|100|0|90,477,90.0,100.0,3
100,3|100|0|90,478,90.0,100.0,3
100,3|100|0|90,479,90.0,100.0,3
73,20|73|2|130,480,73.0,73.0,2
73,20|73|2|130,481,73.0,73.0,2
73,20|73|2|130,482,73.0,73.0,2
73,20|73|2|130,483,73.0,73.0,2
73,20|73|2|130,484,73.0,73.0,2
73,20|73|2|130,485,73.0,73.0,2
73,20|73|2|130,486,73.0,73.0,2
73,20|73|2|130,487,73.0,73.0,2
73,20|73|2|130,488,73.0,73.0,2
73,20|73|2|130,489,73.0,73.0,2
80,20|80|2|130,490,80.0,80.0,3
80,20|80|2|130,491,80.0,80.0,3
80,20|80|2|130,492,80.0,80.0,3
80,20|80|2|130,493,80.0,80.0,3
80,20|80|2|130,494,80.0,80.0,3
80,20|80|2|130,495,80.0,80.0,3
80,20|80|2|130,496,80.0,80.0,3
80,20|80|2|130,497,80.0,80.0,3
80,20|80|2|130,498,80.0,80.0,3
80,20|80|2|130,499,80.0,80.0,3
90,20|90|2|130,500,100.0,90.0,3
90,20|90|2|130,501,90.0,90.0,3
90,20|90|2|130,502,100.0,90.0,3
90,20|90|2|130,503,100.0,90.0,3
90,20|90|2|130,504,90.0,90.0,3
90,20|90|2|130,505,100.0,90.0,3
90,20|90|2|130,506,90.0,90.0,3
90,20|90|2|130,507,100.0,90.0,3
90,20|90|2|130,508,100.0,90.0,3
90,20|90|2|130,509,100.0,90.0,3
100,20|100|2|130,510,100.0,100.0,2
100,20|100|2|130,511,100.0,100.0,2
100,20|100|2|130,512,100.0,100.0,2
100,20|100|2|130,513,100.0,100.0,2
100,20|100|2|130,514,100.0,100.0,2
100,20|100|2|130,515,100.0,100.0,2
100,20|100|2|130,516,100.0,100.0,2
100,20|100|2|130,517,100.0,100.0,2
100,20|100|2|130,518,100.0,100.0,2
100,20|100|2|130,519,100.0,100.0,2
73,20|73|1|130,520,73.0,73.0,0
73,20|73|1|130,521,73.0,73.0,0
73,20|73|1|130,522,73.0,73.0,0
73,20|73|1|130,523,73.0,73.0,0
73,20|73|1|130,524,73.0,73.0,0
73,20|73|1|130,525,73.0,73.0,0
73,20|73|1|130,526,80.0,73.0,0
73,20|73|1|130,527,73.0,73.0,0
73,20|73|1|130,528,73.0,73.0,0
73,20|73|1|130,529,73.0,73.0,0
80,20|80|1|130,530,80.0,80.0,4
80,20|80|1|130,531,80.0,80.0,4
80,20|80|1|130,532,80.0,80.0,4
80,20|80|1|130,533,80.0,80.0,4
80,20|80|1|130,534,80.0,80.0,4
80,20|80|1|130,535,80.0,80.0,4
80,20|80|1|130,536,80.0,80.0,4
80,20|80|1|130,537,80.0,80.0,4
80,20|80|1|130,538,80.0,80.0,4
80,20|80|1|130,539,80.0,80.0,4
90,20|90|1|130,540,100.0,90.0,3
90,20|90|1|130,541,90.0,90.0,3
90,20|90|1|130,542,100.0,90.0,3
90,20|90|1|130,543,90.0,90.0,3
90,20|90|1|130,544,100.0,90.0,3
90,20|90|1|130,545,100.0,90.0,3
90,20|90|1|130,546,100.0,90.0,3
90,20|90|1|130,547,90.0,90.0,3
90,20|90|1|130,548,90.0,90.0,3
90,20|90|1|130,549,90.0,90.0,3
100,20|100|1|130,550,100.0,100.0,2
100,20|100|1|130,551,100.0,100.0,2
100,20|100|1|130,552,100.0,100.0,2
100,20|100|1|130,553,100.0,100.0,2
100,20|100|1|130,554,100.0,100.0,2
100,20|100|1|130,555,100.0,100.0,2
100,20|100|1|130,556,100.0,100.0,2
100,20|100|1|130,557,100.0,100.0,2
100,20|100|1|130,558,100.0,100.0,2
100,20|100|1|130,559,100.0,100.0,2
73,20|73|0|130,560,73.0,73.0,0
73,20|73|0|130,561,73.0,73.0,0
73,20|73|0|130,562,73.0,73.0,0
73,20|73|0|130,563,73.0,73.0,0
73,20|73|0|130,564,73.0,73.0,0
73,20|73|0|130,565,73.0,73.0,0
73,20|73|0|130,566,73.0,73.0,0
73,20|73|0|130,567,73.0,73.0,0
73,20|73|0|130,568,73.0,73.0,0
73,20|73|0|130,569,73.0,73.0,0
80,20|80|0|130,570,80.0,80.0,1
80,20|80|0|130,571,80.0,80.0,1
80,20|80|0|130,572,80.0,80.0,1
80,20|80|0|130,573,80.0,80.0,1
80,20|80|0|130,574,80.0,80.0,1
80,20|80|0|130,575,80.0,80.0,1
80,20|80|0|130,576,80.0,80.0,1
80,20|80|0|130,577,80.0,80.0,1
80,20|80|0|130,578,80.0,80.0,1
80,20|80|0|130,579,80.0,80.0,1
90,20|90|0|130,580,90.0,90.0,1
90,20|90|0|130,581,90.0,90.0,1
90,20|90|0|130,582,90.0,90.0,1
90,20|90|0|130,583,90.0,90.0,1
90,20|90|0|130,584,90.0,90.0,1
90,20|90|0|130,585,90.0,90.0,1
90,20|90|0|130,586,90.0,90.0,1
90,20|90|0|130,587,90.0,90.0,1
90,20|90|0|130,588,90.0,90.0,1
90,20|90|0|130,589,90.0,90.0,1
100,20|100|0|130,590,100.0,100.0,3
100,20|100|0|130,591,100.0,100.0,3
100,20|100|0|130,592,100.0,100.0,3
100,20|100|0|130,593,100.0,100.0,3
100,20|100|0|130,594,100.0,100.0,3
100,20|100|0|130,595,100.0,100.0,3
100,20|100|0|130,596,100.0,100.0,3
100,20|100|0|130,597,100.0,100.0,3
100,20|100|0|130,598,100.0,100.0,3
100,20|100|0|130,599,100.0,100.0,3
73,20|73|2|115,600,73.0,73.0,4
73,20|73|2|115,601,73.0,73.0,4
73,20|73|2|115,602,73.0,73.0,4
73,20|73|2|115,603,80.0,73.0,4
73,20|73|2|115,604,73.0,73.0,4
73,20|73|2|115,605,73.0,73.0,4
73,20|73|2|115,606,73.0,73.0,4
73,20|73|2|115,607,73.0,73.0,4
73,20|73|2|115,608,73.0,73.0,4
73,20|73|2|115,609,73.0,73.0,4
80,20|80|2|115,610,80.0,80.0,2
80,20|80|2|115,611,80.0,80.0,2
80,20|80|2|115,612,80.0,80.0,2
80,20|80|2|115,613,80.0,80.0,2
80,20|80|2|115,614,80.0,80.0,2
80,20|80|2|115,615,80.0,80.0,2
80,20|80|2|115,616,80.0,80.0,2
80,20|80|2|115,617,80.0,80.0,2
80,20|80|2|115,618,80.0,80.0,2
80,20|80|2|115,619,73.0,80.0,2
90,20|90|2|115,620,90.0,90.0,2
90,20|90|2|115,621,90.0,90.0,2
90,20|90|2|115,622,90.0,90.0,2
90,20|90|2|115,623,90.0,90.0,2
90,20|90|2|115,624,90.0,90.0,2
90,20|90|2|115,625,90.0,90.0,2
90,20|90|2|115,626,90.0,90.0,2
90,20|90|2|115,627,90.0,90.0,2
90,20|90|2|115,628,90.0,90.0,2
90,20|90|2|115,629,90.0,90.0,2
100,20|100|2|115,630,100.0,100.0,3
100,20|100|2|115,631,100.0,100.0,3
100,20|100|2|115,632,100.0,100.0,3
100,20|100|2|115,633,100.0,100.0,3
100,20|100|2|115,634,100.0,100.0,3
100,20|100|2|115,635,100.0,100.0,3
100,20|100|2|115,636,100.0,100.0,3
100,20|100|2|115,637,100.0,100.0,3
100,20|100|2|115,638,100.0,100.0,3
100,20|100|2|115,639,100.0,100.0,3
73,20|73|1|115,640,73.0,73.0,4
73,20|73|1|115,641,73.0,73.0,4
73,20|73|1|115,642,73.0,73.0,4
73,20|73|1|115,643,73.0,73.0,4
73,20|73|1|115,644,73.0,73.0,4
73,20|73|1|115,645,73.0,73.0,4
73,20|73|1|115,646,73.0,73.0,4
73,20|73|1|115,647,73.0,73.0,4
73,20|73|1|115,648,73.0,73.0,4
73,20|73|1|115,649,73.0,73.0,4
80,20|80|1|115,650,80.0,80.0,4
80,20|80|1|115,651,80.0,80.0,4
80,20|80|1|115,652,80.0,80.0,4
80,20|80|1|115,653,80.0,80.0,4
80,20|80|1|115,654,80.0,80.0,4
80,20|80|1|115,655,80.0,80.0,4
80,20|80|1|115,656,80.0,80.0,4
80,20|80|1|115,657,80.0,80.0,4
80,20|80|1|115,658,80.0,80.0,4
80,20|80|1|115,659,80.0,80.0,4
90,20|90|1|115,660,100.0,90.0,4
90,20|90|1|115,661,90.0,90.0,4
90,20|90|1|115,662,90.0,90.0,4
90,20|90|1|115,663,90.0,90.0,4
90,20|90|1|115,664,90.0,90.0,4
90,20|90|1|115,665,90.0,90.0,4
90,20|90|1|115,666,90.0,90.0,4
90,20|90|1|115,667,90.0,90.0,4
90,20|90|1|115,668,90.0,90.0,4
90,20|90|1|115,669,90.0,90.0,4
100,20|100|1|115,670,100.0,100.0,4
100,20|100|1|115,671,100.0,100.0,4
100,20|100|1|115,672,100.0,100.0,4
100,20|100|1|115,673,100.0,100.0,4
100,20|100|1|115,674,100.0,100.0,4
100,20|100|1|115,675,100.0,100.0,4
100,20|100|1|115,676,100.0,100.0,4
100,20|100|1|115,677,100.0,100.0,4
100,20|100|1|115,678,100.0,100.0,4
100,20|100|1|115,679,100.0,100.0,4
73,20|73|0|115,680,73.0,73.0,4
73,20|73|0|115,681,73.0,73.0,4
73,20|73|0|115,682,73.0,73.0,4
73,20|73|0|115,683,73.0,73.0,4
73,20|73|0|115,684,73.0,73.0,4
73,20|73|0|115,685,73.0,73.0,4
73,20|73|0|115,686,73.0,73.0,4
73,20|73|0|115,687,73.0,73.0,4
73,20|73|0|115,688,73.0,73.0,4
73,20|73|0|115,689,73.0,73.0,4
80,20|80|0|115,690,80.0,80.0,2
80,20|80|0|115,691,80.0,80.0,2
80,20|80|0|115,692,80.0,80.0,2
80,20|80|0|115,693,80.0,80.0,2
80,20|80|0|115,694,80.0,80.0,2
80,20|80|0|115,695,80.0,80.0,2
80,20|80|0|115,696,80.0,80.0,2
80,20|80|0|115,697,80.0,80.0,2
80,20|80|0|115,698,80.0,80.0,2
80,20|80|0|115,699,80.0,80.0,2
90,20|90|0|115,700,90.0,90.0,3
90,20|90|0|115,701,90.0,90.0,3
90,20|90|0|115,702,90.0,90.0,3
90,20|90|0|115,703,100.0,90.0,3
90,20|90|0|115,704,90.0,90.0,3
90,20|90|0|115,705,90.0,90.0,3
90,20|90|0|115,706,100.0,90.0,3
90,20|90|0|115,707,90.0,90.0,3
90,20|90|0|115,708,90.0,90.0,3
90,20|90|0|115,709,90.0,90.0,3
100,20|100|0|115,710,100.0,100.0,2
100,20|100|0|115,711,90.0,100.0,2
100,20|100|0|115,712,90.0,100.0,2
100,20|100|0|115,713,100.0,100.0,2
100,20|100|0|115,714,100.0,100.0,2
100,20|100|0|115,715,100.0,100.0,2
100,20|100|0|115,716,100.0,100.0,2
100,20|100|0|115,717,100.0,100.0,2
100,20|100|0|115,718,90.0,100.0,2
100,20|100|0|115,719,100.0,100.0,2
73,20|73|2|100,720,73.0,73.0,3
73,20|73|2|100,721,73.0,73.0,3
73,20|73|2|100,722,73.0,73.0,3
73,20|73|2|100,723,73.0,73.0,3
73,20|73|2|100,724,73.0,73.0,3
73,20|73|2|100,725,73.0,73.0,3
73,20|73|2|100,726,73.0,73.0,3
73,20|73|2|100,727,73.0,73.0,3
73,20|73|2|100,728,73.0,73.0,3
73,20|73|2|100,729,73.0,73.0,3
80,20|80|2|100,730,80.0,80.0,1
80,20|80|2|100,731,80.0,80.0,1
80,20|80|2|100,732,73.0,80.0,1
80,20|80|2|100,733,80.0,80.0,1
80,20|80|2|100,734,80.0,80.0,1
80,20|80|2|100,735,80.0,80.0,1
80,20|80|2|100,736,80.0,80.0,1
80,20|80|2|100,737,80.0,80.0,1
80,20|80|2|100,738,80.0,80.0,1
80,20|80|2|100,739,80.0,80.0,1
90,20|90|2|100,740,90.0,90.0,3
90,20|90|2|100,741,90.0,90.0,3
90,20|90|2|100,742,90.0,90.0,3
90,20|90|2|100,743,90.0,90.0,3
90,20|90|2|100,744,90.0,90.0,3
90,20|90|2|100,745,90.0,90.0,3
90,20|90|2|100,746,90.0,90.0,3
90,20|90|2|100,747,90.0,90.0,3
90,20|90|2|100,748,90.0,90.0,3
90,20|90|2|100,749,90.0,90.0,3
100,20|100|2|100,750,100.0,100.0,1
100,20|100|2|100,751,100.0,100.0,1
100,20|100|2|100,752,100.0,100.0,1
100,20|100|2|100,753,100.0,100.0,1
100,20|100|2|100,754,100.0,100.0,1
100,20|100|2|100,755,100.0,100.0,1
100,20|100|2|100,756,100.0,100.0,1
100,20|100|2|100,757,100.0,100.0,1
100,20|100|2|100,758,100.0,100.0,1
100,20|100|2|100,759,100.0,100.0,1
73,20|73|1|100,760,73.0,73.0,2
73,20|73|1|100,761,73.0,73.0,2
73,20|73|1|100,762,73.0,73.0,2
73,20|73|1|100,763,73.0,73.0,2
73,20|73|1|100,764,73.0,73.0,2
73,20|73|1|100,765,73.0,73.0,2
73,20|73|1|100,766,73.0,73.0,2
73,20|73|1|100,767,73.0,73.0,2
73,20|73|1|100,768,73.0,73.0,2
73,20|73|1|100,769,73.0,73.0,2
80,20|80|1|100,770,80.0,80.0,3
80,20|80|1|100,771,80.0,80.0,3
80,20|80|1|100,772,80.0,80.0,3
80,20|80|1|100,773,80.0,80.0,3
80,20|80|1|100,774,80.0,80.0,3
80,20|80|1|100,775,80.0,80.0,3
80,20|80|1|100,776,80.0,80.0,3
80,20|80|1|100,777,80.0,80.0,3
80,20|80|1|100,778,80.0,80.0,3
80,20|80|1|100,779,80.0,80.0,3
90,20|90|1|100,780,90.0,90.0,4
90,20|90|1|100,781,90.0,90.0,4
90,20|90|1|100,782,90.0,90.0,4
90,20|90|1|100,783,90.0,90.0,4
90,20|90|1|100,784,90.0,90.0,4
90,20|90|1|100,785,90.0,90.0,4
90,20|90|1|100,786,90.0,90.0,4
90,20|90|1|100,787,90.0,90.0,4
90,20|90|1|100,788,90.0,90.0,4
90,20|90|1|100,789,90.0,90.0,4
100,20|100|1|100,790,100.0,100.0,1
100,20|100|1|100,791,90.0,100.0,1
100,20|100|1|100,792,100.0,100.0,1
100,20|100|1|100,793,100.0,100.0,1
100,20|100|1|100,794,100.0,100.0,1
100,20|100|1|100,795,100.0,100.0,1
100,20|100|1|100,796,100.0,100.0,1
100,20|100|1|100,797,100.0,100.0,1
100,20|100|1|100,798,100.0,100.0,1
100,20|100|1|100,799,100.0,100.0,1
73,20|73|0|100,800,73.0,73.0,2
73,20|73|0|100,801,73.0,73.0,2
73,20|73|0|100,802,73.0,73.0,2
73,20|73|0|100,803,73.0,73.0,2
73,20|73|0|100,804,73.0,73.0,2
73,20|73|0|100,805,73.0,73.0,2
73,20|73|0|100,806,73.0,73.0,2
73,20|73|0|100,807,73.0,73.0,2
73,20|73|0|100,808,73.0,73.0,2
73,20|73|0|100,809,73.0,73.0,2
80,20|80|0|100,810,80.0,80.0,2
80,20|80|0|100,811,80.0,80.0,2
80,20|80|0|100,812,80.0,80.0,2
80,20|80|0|100,813,80.0,80.0,2
80,20|80|0|100,814,80.0,80.0,2
80,20|80|0|100,815,80.0,80.0,2
80,20|80|0|100,816,80.0,80.0,2
80,20|80|0|100,817,80.0,80.0,2
80,20|80|0|100,818,80.0,80.0,2
80,20|80|0|100,819,80.0,80.0,2
90,20|90|0|100,820,90.0,90.0,4
90,20|90|0|100,821,90.0,90.0,4
90,20|90|0|100,822,90.0,90.0,4
90,20|90|0|100,823,90.0,90.0,4
90,20|90|0|100,824,90.0,90.0,4
90,20|90|0|100,825,90.0,90.0,4
90,20|90|0|100,826,90.0,90.0,4
90,20|90|0|100,827,100.0,90.0,4
90,20|90|0|100,828,90.0,90.0,4
90,20|90|0|100,829,90.0,90.0,4
100,20|100|0|100,830,100.0,100.0,4
100,20|100|0|100,831,100.0,100.0,4
100,20|100|0|100,832,100.0,100.0,4
100,20|100|0|100,833,100.0,100.0,4
100,20|100|0|100,834,100.0,100.0,4
100,20|100|0|100,835,100.0,100.0,4
100,20|100|0|100,836,100.0,100.0,4
100,20|100|0|100,837,100.0,100.0,4
100,20|100|0|100,838,100.0,100.0,4
100,20|100|0|100,839,100.0,100.0,4
73,20|73|2|90,840,73.0,73.0,4
73,20|73|2|90,841,73.0,73.0,4
73,20|73|2|90,842,73.0,73.0,4
73,20|73|2|90,843,73.0,73.0,4
73,20|73|2|90,844,73.0,73.0,4
73,20|73|2|90,845,73.0,73.0,4
73,20|73|2|90,846,73.0,73.0,4
73,20|73|2|90,847,73.0,73.0,4
73,20|73|2|90,848,73.0,73.0,4
73,20|73|2|90,849,73.0,73.0,4
80,20|80|2|90,850,80.0,80.0,0
80,20|80|2|90,851,80.0,80.0,0
80,20|80|2|90,852,80.0,80.0,0
80,20|80|2|90,853,80.0,80.0,0
80,20|80|2|90,854,80.0,80.0,0
80,20|80|2|90,855,80.0,80.0,0
80,20|80|2|90,856,73.0,80.0,0
80,20|80|2|90,857,80.0,80.0,0
80,20|80|2|90,858,80.0,80.0,0
80,20|80|2|90,859,80.0,80.0,0
90,20|90|2|90,860,90.0,90.0,1
90,20|90|2|90,861,90.0,90.0,1
90,20|90|2|90,862,90.0,90.0,1
90,20|90|2|90,863,90.0,90.0,1
90,20|90|2|90,864,90.0,90.0,1
90,20|90|2|90,865,100.0,90.0,1
90,20|90|2|90,866,90.0,90.0,1
90,20|90|2|90,867,90.0,90.0,1
90,20|90|2|90,868,90.0,90.0,1
90,20|90|2|90,869,90.0,90.0,1
100,20|100|2|90,870,100.0,100.0,1
100,20|100|2|90,871,100.0,100.0,1
100,20|100|2|90,872,100.0,100.0,1
100,20|100|2|90,873,100.0,100.0,1
100,20|100|2|90,874,100.0,100.0,1
100,20|100|2|90,875,90.0,100.0,1
100,20|100|2|90,876,100.0,100.0,1
100,20|100|2|90,877,100.0,100.0,1
100,20|100|2|90,878,100.0,100.0,1
100,20|100|2|90,879,100.0,100.0,1
73,20|73|1|90,880,73.0,73.0,3
73,20|73|1|90,881,73.0,73.0,3
73,20|73|1|90,882,73.0,73.0,3
73,20|73|1|90,883,80.0,73.0,3
73,20|73|1|90,884,73.0,73.0,3
73,20|73|1|90,885,73.0,73.0,3
73,20|73|1|90,886,73.0,73.0,3
73,20|73|1|90,887,73.0,73.0,3
73,20|73|1|90,888,73.0,73.0,3
73,20|73|1|90,889,73.0,73.0,3
80,20|80|1|90,890,80.0,80.0,1
80,20|80|1|90,891,80.0,80.0,1
80,20|80|1|90,892,73.0,80.0,1
80,20|80|1|90,893,80.0,80.0,1
80,20|80|1|90,894,80.0,80.0,1
80,20|80|1|90,895,80.0,80.0,1
80,20|80|1|90,896,80.0,80.0,1
80,20|80|1|90,897,80.0,80.0,1
80,20|80|1|90,898,80.0,80.0,1
80,20|80|1|90,899,80.0,80.0,1
90,20|90|1|90,900,90.0,90.0,0
90,20|90|1|90,901,90.0,90.0,0
90,20|90|1|90,902,90.0,90.0,0
90,20|90|1|90,903,90.0,90.0,0
90,20|90|1|90,904,90.0,90.0,0
90,20|90|1|90,905,90.0,90.0,0
90,20|90|1|90,906,90.0,90.0,0
90,20|90|1|90,907,90.0,90.0,0
90,20|90|1|90,908,90.0,90.0,0
90,20|90|1|90,909,90.0,90.0,0
100,20|100|1|90,910,100.0,100.0,2
100,20|100|1|90,911,100.0,100.0,2
100,20|100|1|90,912,100.0,100.0,2
100,20|100|1|90,913,100.0,100.0,2
100,20|100|1|90,914,100.0,100.0,2
100,20|100|1|90,915,100.0,100.0,2
100,20|100|1|90,916,100.0,100.0,2
100,20|100|1|90,917,100.0,100.0,2
100,20|100|1|90,918,100.0,100.0,2
100,20|100|1|90,919,100.0,100.0,2
73,20|73|0|90,920,73.0,73.0,2
73,20|73|0|90,921,73.0,73.0,2
73,20|73|0|90,922,73.0,73.0,2
73,20|73|0|90,923,73.0,73.0,2
73,20|73|0|90,924,73.0,73.0,2
73,20|73|0|90,925,73.0,73.0,2
73,20|73|0|90,926,73.0,73.0,2
73,20|73|0|90,927,73.0,73.0,2
73,20|73|0|90,928,73.0,73.0,2
73,20|73|0|90,929,73.0,73.0,2
80,20|80|0|90,930,80.0,80.0,2
80,20|80|0|90,931,80.0,80.0,2
80,20|80|0|90,932,73.0,80.0,2
80,20|80|0|90,933,80.0,80.0,2
80,20|80|0|90,934,80.0,80.0,2
80,20|80|0|90,935,80.0,80.0,2
80,20|80|0|90,936,73.0,80.0,2
80,20|80|0|90,937,73.0,80.0,2
80,20|80|0|90,938,73.0,80.0,2
80,20|80|0|90,939,80.0,80.0,2
90,20|90|0|90,940,100.0,90.0,0
90,20|90|0|90,941,100.0,90.0,0
90,20|90|0|90,942,100.0,90.0,0
90,20|90|0|90,943,100.0,90.0,0
90,20|90|0|90,944,90.0,90.0,0
90,20|90|0|90,945,100.0,90.0,0
90,20|90|0|90,946,100.0,90.0,0
90,20|90|0|90,947,100.0,90.0,0
90,20|90|0|90,948,90.0,90.0,0
90,20|90|0|90,949,80.0,90.0,0
100,20|100|0|90,950,100.0,100.0,2
100,20|100|0|90,951,100.0,100.0,2
100,20|100|0|90,952,100.0,100.0,2
100,20|100|0|90,953,100.0,100.0,2
100,20|100|0|90,954,100.0,100.0,2
100,20|100|0|90,955,100.0,100.0,2
100,20|100|0|90,956,100.0,100.0,2
100,20|100|0|90,957,100.0,100.0,2
100,20|100|0|90,958,100.0,100.0,2
100,20|100|0|90,959,100.0,100.0,2
73,100|73|2|130,960,73.0,73.0,4
73,100|73|2|130,961,73.0,73.0,4
73,100|73|2|130,962,73.0,73.0,4
73,100|73|2|130,963,73.0,73.0,4
73,100|73|2|130,964,80.0,73.0,4
73,100|73|2|130,965,73.0,73.0,4
73,100|73|2|130,966,73.0,73.0,4
73,100|73|2|130,967,73.0,73.0,4
73,100|73|2|130,968,73.0,73.0,4
73,100|73|2|130,969,73.0,73.0,4
80,100|80|2|130,970,80.0,80.0,0
80,100|80|2|130,971,80.0,80.0,0
80,100|80|2|130,972,80.0,80.0,0
80,100|80|2|130,973,80.0,80.0,0
80,100|80|2|130,974,80.0,80.0,0
80,100|80|2|130,975,80.0,80.0,0
80,100|80|2|130,976,90.0,80.0,0
80,100|80|2|130,977,80.0,80.0,0
80,100|80|2|130,978,80.0,80.0,0
80,100|80|2|130,979,80.0,80.0,0
90,100|90|2|130,980,90.0,90.0,1
90,100|90|2|130,981,90.0,90.0,1
90,100|90|2|130,982,100.0,90.0,1
90,100|90|2|130,983,90.0,90.0,1
90,100|90|2|130,984,100.0,90.0,1
90,100|90|2|130,985,100.0,90.0,1
90,100|90|2|130,986,100.0,90.0,1
90,100|90|2|130,987,90.0,90.0,1
90,100|90|2|130,988,90.0,90.0,1
90,100|90|2|130,989,90.0,90.0,1
100,100|100|2|130,990,100.0,100.0,1
100,100|100|2|130,991,90.0,100.0,1
100,100|100|2|130,992,100.0,100.0,1
100,100|100|2|130,993,100.0,100.0,1
100,100|100|2|130,994,100.0,100.0,1
100,100|100|2|130,995,90.0,100.0,1
100,100|100|2|130,996,100.0,100.0,1
100,100|100|2|130,997,90.0,100.0,1
100,100|100|2|130,998,100.0,100.0,1
100,100|100|2|130,999,100.0,100.0,1
73,100|73|1|130,1000,73.0,73.0,1
73,100|73|1|130,1001,73.0,73.0,1
73,100|73|1|130,1002,73.0,73.0,1
73,100|73|1|130,1003,73.0,73.0,1
73,100|73|1|130,1004,73.0,73.0,1
73,100|73|1|130,1005,73.0,73.0,1
73,100|73|1|130,1006,73.0,73.0,1
73,100|73|1|130,1007,73.0,73.0,1
73,100|73|1|130,1008,73.0,73.0,1
73,100|73|1|130,1009,73.0,73.0,1
80,100|80|1|130,1010,80.0,80.0,2
80,100|80|1|130,1011,90.0,80.0,2
80,100|80|1|130,1012,80.0,80.0,2
80,100|80|1|130,1013,80.0,80.0,2
80,100|80|1|130,1014,73.0,80.0,2
80,100|80|1|130,1015,80.0,80.0,2
80,100|80|1|130,1016,80.0,80.0,2
80,100|80|1|130,1017,80.0,80.0,2
80,100|80|1|130,1018,80.0,80.0,2
80,100|80|1|130,1019,73.0,80.0,2
90,100|90|1|130,1020,100.0,90.0,3
90,100|90|1|130,1021,100.0,90.0,3
90,100|90|1|130,1022,90.0,90.0,3
90,100|90|1|130,1023,100.0,90.0,3
90,100|90|1|130,1024,90.0,90.0,3
90,100|90|1|130,1025,100.0,90.0,3
90,100|90|1|130,1026,90.0,90.0,3
90,100|90|1|130,1027,100.0,90.0,3
90,100|90|1|130,1028,90.0,90.0,3
90,100|90|1|130,1029,90.0,90.0,3
100,100|100|1|130,1030,100.0,100.0,4
100,100|100|1|130,1031,100.0,100.0,4
100,100|100|1|130,1032,100.0,100.0,4
100,100|100|1|130,1033,100.0,100.0,4
100,100|100|1|130,1034,100.0,100.0,4
100,100|100|1|130,1035,100.0,100.0,4
100,100|100|1|130,1036,90.0,100.0,4
100,100|100|1|130,1037,100.0,100.0,4
100,100|100|1|130,1038,90.0,100.0,4
100,100|100|1|130,1039,100.0,100.0,4
73,100|73|0|130,1040,73.0,73.0,1
73,100|73|0|130,1041,73.0,73.0,1
73,100|73|0|130,1042,73.0,73.0,1
73,100|73|0|130,1043,73.0,73.0,1
73,100|73|0|130,1044,73.0,73.0,1
73,100|73|0|130,1045,73.0,73.0,1
73,100|73|0|130,1046,73.0,73.0,1
73,100|73|0|130,1047,73.0,73.0,1
73,100|73|0|130,1048,73.0,73.0,1
73,100|73|0|130,1049,73.0,73.0,1
80,100|80|0|130,1050,80.0,80.0,0
80,100|80|0|130,1051,80.0,80.0,0
80,100|80|0|130,1052,80.0,80.0,0
80,100|80|0|130,1053,80.0,80.0,0
80,100|80|0|130,1054,80.0,80.0,0
80,100|80|0|130,1055,80.0,80.0,0
80,100|80|0|130,1056,80.0,80.0,0
80,100|80|0|130,1057,80.0,80.0,0
80,100|80|0|130,1058,80.0,80.0,0
80,100|80|0|130,1059,80.0,80.0,0
90,100|90|0|130,1060,90.0,90.0,0
90,100|90|0|130,1061,90.0,90.0,0
90,100|90|0|130,1062,100.0,90.0,0
90,100|90|0|130,1063,90.0,90.0,0
90,100|90|0|130,1064,100.0,90.0,0
90,100|90|0|130,1065,90.0,90.0,0
90,100|90|0|130,1066,100.0,90.0,0
90,100|90|0|130,1067,90.0,90.0,0
90,100|90|0|130,1068,90.0,90.0,0
90,100|90|0|130,1069,100.0,90.0,0
100,100|100|0|130,1070,100.0,100.0,1
100,100|100|0|130,1071,100.0,100.0,1
100,100|100|0|130,1072,90.0,100.0,1
100,100|100|0|130,1073,90.0,100.0,1
100,100|100|0|130,1074,100.0,100.0,1
100,100|100|0|130,1075,100.0,100.0,1
100,100|100|0|130,1076,100.0,100.0,1
100,100|100|0|130,1077,100.0,100.0,1
100,100|100|0|130,1078,100.0,100.0,1
100,100|100|0|130,1079,100.0,100.0,1
73,100|73|2|115,1080,73.0,73.0,1
73,100|73|2|115,1081,73.0,73.0,1
73,100|73|2|115,1082,73.0,73.0,1
73,100|73|2|115,1083,73.0,73.0,1
73,100|73|2|115,1084,73.0,73.0,1
73,100|73|2|115,1085,73.0,73.0,1
73,100|73|2|115,1086,73.0,73.0,1
73,100|73|2|115,1087,73.0,73.0,1
73,100|73|2|115,1088,73.0,73.0,1
73,100|73|2|115,1089,73.0,73.0,1
80,100|80|2|115,1090,80.0,80.0,1
80,100|80|2|115,1091,80.0,80.0,1
80,100|80|2|115,1092,80.0,80.0,1
80,100|80|2|115,1093,80.0,80.0,1
80,100|80|2|115,1094,80.0,80.0,1
80,100|80|2|115,1095,80.0,80.0,1
80,100|80|2|115,1096,80.0,80.0,1
80,100|80|2|115,1097,80.0,80.0,1
80,100|80|2|115,1098,80.0,80.0,1
80,100|80|2|115,1099,80.0,80.0,1
90,100|90|2|115,1100,90.0,90.0,1
90,100|90|2|115,1101,100.0,90.0,1
90,100|90|2|115,1102,90.0,90.0,1
90,100|90|2|115,1103,100.0,90.0,1
90,100|90|2|115,1104,90.0,90.0,1
90,100|90|2|115,1105,90.0,90.0,1
90,100|90|2|115,1106,100.0,90.0,1
90,100|90|2|115,1107,90.0,90.0,1
90,100|90|2|115,1108,100.0,90.0,1
90,100|90|2|115,1109,90.0,90.0,1
100,100|100|2|115,1110,100.0,100.0,3
100,100|100|2|115,1111,100.0,100.0,3
100,100|100|2|115,1112,100.0,100.0,3
100,100|100|2|115,1113,100.0,100.0,3
100,100|100|2|115,1114,90.0,100.0,3
100,100|100|2|115,1115,100.0,100.0,3
100,100|100|2|115,1116,100.0,100.0,3
100,100|100|2|115,1117,100.0,100.0,3
100,100|100|2|115,1118,100.0,100.0,3
100,100|100|2|115,1119,90.0,100.0,3
73,100|73|1|115,1120,73.0,73.0,3
73,100|73|1|115,1121,73.0,73.0,3
73,100|73|1|115,1122,73.0,73.0,3
73,100|73|1|115,1123,73.0,73.0,3
73,100|73|1|115,1124,73.0,73.0,3
73,100|73|1|115,1125,73.0,73.0,3
73,100|73|1|115,1126,73.0,73.0,3
73,100|73|1|115,1127,73.0,73.0,3
73,100|73|1|115,1128,73.0,73.0,3
73,100|73|1|115,1129,73.0,73.0,3
80,100|80|1|115,1130,80.0,80.0,2
80,100|80|1|115,1131,80.0,80.0,2
80,100|80|1|115,1132,80.0,80.0,2
80,100|80|1|115,1133,80.0,80.0,2
80,100|80|1|115,1134,80.0,80.0,2
80,100|80|1|115,1135,80.0,80.0,2
80,100|80|1|115,1136,80.0,80.0,2
80,100|80|1|115,1137,80.0,80.0,2
80,100|80|1|115,1138,80.0,80.0,2
80,100|80|1|115,1139,80.0,80.0,2
90,100|90|1|115,1140,90.0,90.0,1
90,100|90|1|115,1141,90.0,90.0,1
90,100|90|1|115,1142,90.0,90.0,1
90,100|90|1|115,1143,90.0,90.0,1
90,100|90|1|115,1144,90.0,90.0,1
90,100|90|1|115,1145,90.0,90.0,1
90,100|90|1|115,1146,90.0,90.0,1
90,100|90|1|115,1147,90.0,90.0,1
90,100|90|1|115,1148,90.0,90.0,1
90,100|90|1|115,1149,90.0,90.0,1
100,100|100|1|115,1150,100.0,100.0,0
100,100|100|1|115,1151,100.0,100.0,0
100,100|100|1|115,1152,100.0,100.0,0
100,100|100|1|115,1153,100.0,100.0,0
100,100|100|1|115,1154,100.0,100.0,0
100,100|100|1|115,1155,100.0,100.0,0
100,100|100|1|115,1156,100.0,100.0,0
100,100|100|1|115,1157,100.0,100.0,0
100,100|100|1|115,1158,100.0,100.0,0
100,100|100|1|115,1159,100.0,100.0,0
73,100|73|0|115,1160,73.0,73.0,0
73,100|73|0|115,1161,73.0,73.0,0
73,100|73|0|115,1162,73.0,73.0,0
73,100|73|0|115,1163,73.0,73.0,0
73,100|73|0|115,1164,73.0,73.0,0
73,100|73|0|115,1165,73.0,73.0,0
73,100|73|0|115,1166,73.0,73.0,0
73,100|73|0|115,1167,73.0,73.0,0
73,100|73|0|115,1168,73.0,73.0,0
73,100|73|0|115,1169,73.0,73.0,0
80,100|80|0|115,1170,80.0,80.0,0
80,100|80|0|115,1171,80.0,80.0,0
80,100|80|0|115,1172,90.0,80.0,0
80,100|80|0|115,1173,90.0,80.0,0
80,100|80|0|115,1174,90.0,80.0,0
80,100|80|0|115,1175,90.0,80.0,0
80,100|80|0|115,1176,90.0,80.0,0
80,100|80|0|115,1177,90.0,80.0,0
80,100|80|0|115,1178,90.0,80.0,0
80,100|80|0|115,1179,90.0,80.0,0
90,100|90|0|115,1180,100.0,90.0,4
90,100|90|0|115,1181,90.0,90.0,4
90,100|90|0|115,1182,80.0,90.0,4
90,100|90|0|115,1183,90.0,90.0,4
90,100|90|0|115,1184,90.0,90.0,4
90,100|90|0|115,1185,90.0,90.0,4
90,100|90|0|115,1186,90.0,90.0,4
90,100|90|0|115,1187,90.0,90.0,4
90,100|90|0|115,1188,100.0,90.0,4
90,100|90|0|115,1189,90.0,90.0,4
100,100|100|0|115,1190,100.0,100.0,4
100,100|100|0|115,1191,90.0,100.0,4
100,100|100|0|115,1192,100.0,100.0,4
100,100|100|0|115,1193,100.0,100.0,4
100,100|100|0|115,1194,100.0,100.0,4
100,100|100|0|115,1195,100.0,100.0,4
100,100|100|0|115,1196,100.0,100.0,4
100,100|100|0|115,1197,100.0,100.0,4
100,100|100|0|115,1198,100.0,100.0,4
100,100|100|0|115,1199,100.0,100.0,4
73,100|73|2|100,1200,73.0,73.0,3
73,100|73|2|100,1201,73.0,73.0,3
73,100|73|2|100,1202,73.0,73.0,3
73,100|73|2|100,1203,73.0,73.0,3
73,100|73|2|100,1204,73.0,73.0,3
73,100|73|2|100,1205,73.0,73.0,3
73,100|73|2|100,1206,73.0,73.0,3
73,100|73|2|100,1207,73.0,73.0,3
73,100|73|2|100,1208,73.0,73.0,3
73,100|73|2|100,1209,73.0,73.0,3
80,100|80|2|100,1210,80.0,80.0,0
80,100|80|2|100,1211,80.0,80.0,0
80,100|80|2|100,1212,80.0,80.0,0
80,100|80|2|100,1213,80.0,80.0,0
80,100|80|2|100,1214,80.0,80.0,0
80,100|80|2|100,1215,80.0,80.0,0
80,100|80|2|100,1216,80.0,80.0,0
80,100|80|2|100,1217,80.0,80.0,0
80,100|80|2|100,1218,80.0,80.0,0
80,100|80|2|100,1219,80.0,80.0,0
90,100|90|2|100,1220,90.0,90.0,4
90,100|90|2|100,1221,90.0,90.0,4
90,100|90|2|100,1222,90.0,90.0,4
90,100|90|2|100,1223,90.0,90.0,4
90,100|90|2|100,1224,90.0,90.0,4
90,100|90|2|100,1225,90.0,90.0,4
90,100|90|2|100,1226,90.0,90.0,4
90,100|90|2|100,1227,90.0,90.0,4
90,100|90|2|100,1228,90.0,90.0,4
90,100|90|2|100,1229,90.0,90.0,4
100,100|100|2|100,1230,100.0,100.0,1
100,100|100|2|100,1231,100.0,100.0,1
100,100|100|2|100,1232,100.0,100.0,1
100,100|100|2|100,1233,100.0,100.0,1
100,100|100|2|100,1234,100.0,100.0,1
100,100|100|2|100,1235,100.0,100.0,1
100,100|100|2|100,1236,100.0,100.0,1
100,100|100|2|100,1237,100.0,100.0,1
100,100|100|2|100,1238,100.0,100.0,1
100,100|100|2|100,1239,100.0,100.0,1
73,100|73|1|100,1240,73.0,73.0,3
73,100|73|1|100,1241,73.0,73.0,3
73,100|73|1|100,1242,73.0,73.0,3
73,100|73|1|100,1243,73.0,73.0,3
73,100|73|1|100,1244,73.0,73.0,3
73,100|73|1|100,1245,73.0,73.0,3
73,100|73|1|100,1246,73.0,73.0,3
73,100|73|1|100,1247,73.0,73.0,3
73,100|73|1|100,1248,73.0,73.0,3
73,100|73|1|100,1249,73.0,73.0,3
80,100|80|1|100,1250,80.0,80.0,3
80,100|80|1|100,1251,80.0,80.0,3
80,100|80|1|100,1252,80.0,80.0,3
80,100|80|1|100,1253,80.0,80.0,3
80,100|80|1|100,1254,80.0,80.0,3
80,100|80|1|100,1255,80.0,80.0,3
80,100|80|1|100,1256,80.0,80.0,3
80,100|80|1|100,1257,80.0,80.0,3
80,100|80|1|100,1258,80.0,80.0,3
80,100|80|1|100,1259,80.0,80.0,3
90,100|90|1|100,1260,90.0,90.0,0
90,100|90|1|100,1261,90.0,90.0,0
90,100|90|1|100,1262,90.0,90.0,0
90,100|90|1|100,1263,90.0,90.0,0
90,100|90|1|100,1264,90.0,90.0,0
90,100|90|1|100,1265,90.0,90.0,0
90,100|90|1|100,1266,90.0,90.0,0
90,100|90|1|100,1267,90.0,90.0,0
90,100|90|1|100,1268,90.0,90.0,0
90,100|90|1|100,1269,90.0,90.0,0
100,100|100|1|100,1270,100.0,100.0,4
100,100|100|1|100,1271,100.0,100.0,4
100,100|100|1|100,1272,100.0,100.0,4
100,100|100|1|100,1273,100.0,100.0,4
100,100|100|1|100,1274,100.0,100.0,4
100,100|100|1|100,1275,100.0,100.0,4
100,100|100|1|100,1276,100.0,100.0,4
100,100|100|1|100,1277,100.0,100.0,4
100,100|100|1|100,1278,100.0,100.0,4
100,100|100|1|100,1279,100.0,100.0,4
73,100|73|0|100,1280,73.0,73.0,3
73,100|73|0|100,1281,73.0,73.0,3
73,100|73|0|100,1282,73.0,73.0,3
73,100|73|0|100,1283,73.0,73.0,3
73,100|73|0|100,1284,73.0,73.0,3
73,100|73|0|100,1285,73.0,73.0,3
73,100|73|0|100,1286,73.0,73.0,3
73,100|73|0|100,1287,73.0,73.0,3
73,100|73|0|100,1288,73.0,73.0,3
73,100|73|0|100,1289,73.0,73.0,3
80,100|80|0|100,1290,80.0,80.0,4
80,100|80|0|100,1291,80.0,80.0,4
80,100|80|0|100,1292,80.0,80.0,4
80,100|80|0|100,1293,80.0,80.0,4
80,100|80|0|100,1294,80.0,80.0,4
80,100|80|0|100,1295,80.0,80.0,4
80,100|80|0|100,1296,80.0,80.0,4
80,100|80|0|100,1297,80.0,80.0,4
80,100|80|0|100,1298,80.0,80.0,4
80,100|80|0|100,1299,80.0,80.0,4
90,100|90|0|100,1300,90.0,90.0,4
90,100|90|0|100,1301,90.0,90.0,4
90,100|90|0|100,1302,90.0,90.0,4
90,100|90|0|100,1303,90.0,90.0,4
90,100|90|0|100,1304,90.0,90.0,4
90,100|90|0|100,1305,90.0,90.0,4
90,100|90|0|100,1306,90.0,90.0,4
90,100|90|0|100,1307,90.0,90.0,4
90,100|90|0|100,1308,90.0,90.0,4
90,100|90|0|100,1309,90.0,90.0,4
100,100|100|0|100,1310,100.0,100.0,3
100,100|100|0|100,1311,100.0,100.0,3
100,100|100|0|100,1312,100.0,100.0,3
100,100|100|0|100,1313,100.0,100.0,3
100,100|100|0|100,1314,100.0,100.0,3
100,100|100|0|100,1315,100.0,100.0,3
100,100|100|0|100,1316,100.0,100.0,3
100,100|100|0|100,1317,100.0,100.0,3
100,100|100|0|100,1318,100.0,100.0,3
100,100|100|0|100,1319,100.0,100.0,3
73,100|73|2|90,1320,73.0,73.0,1
73,100|73|2|90,1321,73.0,73.0,1
73,100|73|2|90,1322,73.0,73.0,1
73,100|73|2|90,1323,73.0,73.0,1
73,100|73|2|90,1324,73.0,73.0,1
73,100|73|2|90,1325,73.0,73.0,1
73,100|73|2|90,1326,73.0,73.0,1
73,100|73|2|90,1327,73.0,73.0,1
73,100|73|2|90,1328,73.0,73.0,1
73,100|73|2|90,1329,73.0,73.0,1
80,100|80|2|90,1330,80.0,80.0,3
80,100|80|2|90,1331,80.0,80.0,3
80,100|80|2|90,1332,80.0,80.0,3
80,100|80|2|90,1333,80.0,80.0,3
80,100|80|2|90,1334,80.0,80.0,3
80,100|80|2|90,1335,80.0,80.0,3
80,100|80|2|90,1336,80.0,80.0,3
80,100|80|2|90,1337,80.0,80.0,3
80,100|80|2|90,1338,80.0,80.0,3
80,100|80|2|90,1339,80.0,80.0,3
90,100|90|2|90,1340,90.0,90.0,3
90,100|90|2|90,1341,90.0,90.0,3
90,100|90|2|90,1342,90.0,90.0,3
90,100|90|2|90,1343,90.0,90.0,3
90,100|90|2|90,1344,90.0,90.0,3
90,100|90|2|90,1345,90.0,90.0,3
90,100|90|2|90,1346,90.0,90.0,3
90,100|90|2|90,1347,90.0,90.0,3
90,100|90|2|90,1348,90.0,90.0,3
90,100|90|2|90,1349,90.0,90.0,3
100,100|100|2|90,1350,100.0,100.0,1
100,100|100|2|90,1351,100.0,100.0,1
100,100|100|2|90,1352,100.0,100.0,1
100,100|100|2|90,1353,100.0,100.0,1
100,100|100|2|90,1354,100.0,100.0,1
100,100|100|2|90,1355,100.0,100.0,1
100,100|100|2|90,1356,100.0,100.0,1
100,100|100|2|90,1357,100.0,100.0,1
100,100|100|2|90,1358,100.0,100.0,1
100,100|100|2|90,1359,100.0,100.0,1
73,100|73|1|90,1360,73.0,73.0,2
73,100|73|1|90,1361,73.0,73.0,2
73,100|73|1|90,1362,73.0,73.0,2
73,100|73|1|90,1363,73.0,73.0,2
73,100|73|1|90,1364,73.0,73.0,2
73,100|73|1|90,1365,73.0,73.0,2
73,100|73|1|90,1366,73.0,73.0,2
73,100|73|1|90,1367,73.0,73.0,2
73,100|73|1|90,1368,73.0,73.0,2
73,100|73|1|90,1369,73.0,73.0,2
80,100|80|1|90,1370,80.0,80.0,2
80,100|80|1|90,1371,80.0,80.0,2
80,100|80|1|90,1372,80.0,80.0,2
80,100|80|1|90,1373,80.0,80.0,2
80,100|80|1|90,1374,80.0,80.0,2
80,100|80|1|90,1375,80.0,80.0,2
80,100|80|1|90,1376,80.0,80.0,2
80,100|80|1|90,1377,80.0,80.0,2
80,100|80|1|90,1378,80.0,80.0,2
80,100|80|1|90,1379,80.0,80.0,2
90,100|90|1|90,1380,90.0,90.0,2
90,100|90|1|90,1381,90.0,90.0,2
90,100|90|1|90,1382,100.0,90.0,2
90,100|90|1|90,1383,100.0,90.0,2
90,100|90|1|90,1384,100.0,90.0,2
90,100|90|1|90,1385,90.0,90.0,2
90,100|90|1|90,1386,90.0,90.0,2
90,100|90|1|90,1387,100.0,90.0,2
90,100|90|1|90,1388,100.0,90.0,2
90,100|90|1|90,1389,100.0,90.0,2
100,100|100|1|90,1390,100.0,100.0,3
100,100|100|1|90,1391,100.0,100.0,3
100,100|100|1|90,1392,100.0,100.0,3
100,100|100|1|90,1393,100.0,100.0,3
100,100|100|1|90,1394,100.0,100.0,3
100,100|100|1|90,1395,100.0,100.0,3
100,100|100|1|90,1396,100.0,100.0,3
100,100|100|1|90,1397,100.0,100.0,3
100,100|100|1|90,1398,100.0,100.0,3
100,100|100|1|90,1399,100.0,100.0,3
73,100|73|0|90,1400,73.0,73.0,0
73,100|73|0|90,1401,73.0,73.0,0
73,100|73|0|90,1402,73.0,73.0,0
73,100|73|0|90,1403,73.0,73.0,0
73,100|73|0|90,1404,73.0,73.0,0
73,100|73|0|90,1405,73.0,73.0,0
73,100|73|0|90,1406,73.0,73.0,0
73,100|73|0|90,1407,73.0,73.0,0
73,100|73|0|90,1408,73.0,73.0,0
73,100|73|0|90,1409,73.0,73.0,0
80,100|80|0|90,1410,80.0,80.0,1
80,100|80|0|90,1411,80.0,80.0,1
80,100|80|0|90,1412,80.0,80.0,1
80,100|80|0|90,1413,80.0,80.0,1
80,100|80|0|90,1414,80.0,80.0,1
80,100|80|0|90,1415,80.0,80.0,1
80,100|80|0|90,1416,73.0,80.0,1
80,100|80|0|90,1417,80.0,80.0,1
80,100|80|0|90,1418,80.0,80.0,1
80,100|80|0|90,1419,80.0,80.0,1
90,100|90|0|90,1420,90.0,90.0,2
90,100|90|0|90,1421,90.0,90.0,2
90,100|90|0|90,1422,90.0,90.0,2
90,100|90|0|90,1423,90.0,90.0,2
90,100|90|0|90,1424,90.0,90.0,2
90,100|90|0|90,1425,90.0,90.0,2
90,100|90|0|90,1426,90.0,90.0,2
90,100|90|0|90,1427,100.0,90.0,2
90,100|90|0|90,1428,90.0,90.0,2
90,100|90|0|90,1429,100.0,90.0,2
100,100|100|0|90,1430,100.0,100.0,0
100,100|100|0|90,1431,100.0,100.0,0
100,100|100|0|90,1432,100.0,100.0,0
100,100|100|0|90,1433,100.0,100.0,0
100,100|100|0|90,1434,100.0,100.0,0
100,100|100|0|90,1435,100.0,100.0,0
100,100|100|0|90,1436,100.0,100.0,0
100,100|100|0|90,1437,100.0,100.0,0
100,100|100|0|90,1438,100.0,100.0,0
100,100|100|0|90,1439,100.0,100.0,0
100,100|100|0|90,1440,100.0,100.0,0
100,100|100|0|90,1441,100.0,100.0,0
100,100|100|0|90,1442,100.0,100.0,0
100,100|100|0|90,1443,100.0,100.0,0
100,100|100|0|90,1444,100.0,100.0,0
100,100|100|0|90,1445,100.0,100.0,0
100,100|100|0|90,1446,100.0,100.0,0
100,100|100|0|90,1447,100.0,100.0,0
100,100|100|0|90,1448,100.0,100.0,0
